session_id,participant_id,status,started_datetime,completed_date_time,time_taken,age,num_approvals,num_rejections,prolific_score,reviewed_at_datetime,entered_code,Country of Birth,Current Country of Residence,Employment Status,First Language,Nationality,Sex,Student Status,bonus
5d5ebd3ee9a2cf001968d206,5d3c2b046a5b1e0001a91614,APPROVED,2019-08-22 16:05:21.843000,2019-08-22 16:37:11.859000,1910.016,26,9,0,100,2019-08-22 16:52:02.563000,RNFS5HP5,Tunisia,Hungary,DATA EXPIRED,Arabic,Hungary,Female,DATA EXPIRED,2.91
5d5ebd78099beb001a713ec2,5d16d545e9b5ff001a084080,APPROVED,2019-08-22 16:06:16.711000,2019-08-22 16:29:14.495000,1377.784,44,50,0,100,2019-08-22 16:52:03.502000,RNFS5HP5,United States,United States,DATA EXPIRED,English,United States,Female,DATA EXPIRED,4.34
5d5ebdbf90c13c00184f54e4,5bbc0997f1f9ba000141cf0f,APPROVED,2019-08-22 16:07:30.813000,2019-08-22 16:39:46.829000,1936.016,32,148,1,100,2019-08-22 16:52:05.643000,RNFS5HP5,Mexico,Mexico,DATA EXPIRED,Spanish,Mexico,Male,DATA EXPIRED,4.49
5d5ebdc5f1a607001a7454ad,5c20f89fe93d1a0001a29941,APPROVED,2019-08-22 16:07:38.718000,2019-08-22 16:38:32.573000,1853.855,22,5,0,100,2019-08-22 16:52:06.220000,RNFS5HP5,Portugal,Portugal,DATA EXPIRED,Portuguese,Portugal,Female,DATA EXPIRED,4.34
5d5ebe563a6589001c98bc83,5d5d89b0909e4c0001b1309c,TIMED-OUT,2019-08-22 16:10:33.155000,,58493464.02095,30,2,0,100,,,United Kingdom,United Kingdom,DATA EXPIRED,English,United Kingdom,Female,DATA EXPIRED,NULL
5d5ebe9fb855240019142578,5d5eb4a55a48670001571b9d,APPROVED,2019-08-22 16:11:12.679000,2019-08-22 16:38:37.512000,1644.833,32,1,0,100,2019-08-22 16:52:07.574000,RNFS5HP5,United Kingdom,United Kingdom,DATA EXPIRED,English,United Kingdom,Female,DATA EXPIRED,3.78
5d5ebea9281909001a00fb44,5cf0f51eb094d700013e5136,APPROVED,2019-08-22 16:11:25.992000,2019-08-22 16:46:22.714000,2096.722,21,117,0,100,2019-08-22 16:52:09.377000,RNFS5HP5,Italy,Italy,Other,Italian,Italy,Female,DATA EXPIRED,4.49
5d5ebef2a77f560001d91d0e,5c45b0d5b05faa0001d60dd3,APPROVED,2019-08-22 16:12:37.562000,2019-08-22 16:49:49.900000,2232.338,40,46,1,100,2019-08-22 16:52:10.259000,RNFS5HP5,United Kingdom,United Kingdom,DATA EXPIRED,English,United Kingdom,Female,DATA EXPIRED,4.85
5d5ebf3ce0cbc90001531cdb,584ec5d84e111700010b18a1,RETURNED,2019-08-22 16:23:48.279000,,58492668.98042,32,259,3,100,,,CONSENT REVOKED,CONSENT REVOKED,CONSENT REVOKED,CONSENT REVOKED,CONSENT REVOKED,CONSENT REVOKED,CONSENT REVOKED,NULL
5d5ebf51d64bb1001af342fc,5c7d3f176b56310001457f4d,APPROVED,2019-08-22 16:14:11.355000,2019-08-22 16:46:53.875000,1962.52,25,91,3,96,2019-08-22 16:52:12.272000,RNFS5HP5,Italy,Italy,Full-Time,Italian,Italy,Female,No,NULL
5d5ebf678515f100019a9874,5d5eba2e8f067a001674b0a9,APPROVED,2019-08-22 16:14:45.797000,2019-08-22 16:54:35.470000,2389.673,24,31,0,100,2019-08-22 17:04:37.672000,RNFS5HP5,United Kingdom,United Kingdom,DATA EXPIRED,English,United Kingdom,Female,DATA EXPIRED,5
5d5ebf8339e1b70001b1505d,5bf6b3756c445d0001aeadd4,TIMED-OUT,2019-08-22 16:15:04.271000,,58493193.052362,31,9,0,100,,,Philippines,Denmark,DATA EXPIRED,Tagalog-Filipino,Philippines,Female,DATA EXPIRED,NULL
5d5ebff02c7ba400151e7752,5b9cae9ef07414000104c17a,APPROVED,2019-08-22 16:16:50.618000,2019-08-22 16:51:05.529000,2054.911,53,454,4,99,2019-08-22 16:52:12.966000,RNFS5HP5,United Kingdom,United Kingdom,Full-Time,English,United Kingdom,Female,No,4.03
5d5ec083281909001a00fb4a,5c69683993c6a10001a42f92,APPROVED,2019-08-22 16:19:18.330000,2019-08-22 16:48:34.429000,1756.099,26,39,2,97,2019-08-22 16:52:13.667000,RNFS5HP5,Italy,Italy,DATA EXPIRED,Italian,Italy,Male,DATA EXPIRED,2.96
5d5ec11b0f0fa50001b2ce79,5b213b968ca8150001dd1109,APPROVED,2019-08-22 16:21:49.511000,2019-08-22 16:59:44.241000,2274.73,27,208,0,100,2019-08-22 17:04:39.432000,RNFS5HP5,Mexico,Canada,"Not in paid work (e.g. homemaker', 'retired or disabled)",Spanish,Mexico,Male,No,NULL
5d5ec151b96900001a74f0d0,5c354421688b59000101b48f,APPROVED,2019-08-22 16:22:59.671000,2019-08-22 17:10:23.304000,2843.633,54,7,0,100,2019-08-22 17:26:06.701000,RNFS5HP5,Spain,Spain,DATA EXPIRED,Spanish,Spain,Female,DATA EXPIRED,4.29
5d5ec17d29d4010018ac58d9,5d18c8c33dde7a00191c328b,APPROVED,2019-08-22 16:23:29.020000,2019-08-22 16:48:12.292000,1483.272,34,16,0,100,2019-08-22 16:52:15.192000,RNFS5HP5,Poland,Poland,DATA EXPIRED,Polish,Poland,Female,DATA EXPIRED,3.27
5d5ec1bdf1a6070018745454,5bc3b9a46bd778000122f880,APPROVED,2019-08-22 16:24:32.715000,2019-08-22 16:55:27.348000,1854.633,27,192,0,100,2019-08-22 17:04:42.120000,RNFS5HP5,Ireland,Norway,DATA EXPIRED,DATA EXPIRED,Ireland,Female,DATA EXPIRED,NULL
5d5ec21c682c8600173e8598,5b7aa778f9bc170001a9328e,APPROVED,2019-08-22 16:26:27.768000,2019-08-22 16:55:24.578000,1736.81,21,89,0,100,2019-08-22 17:04:44.398000,RNFS5HP5,United Kingdom,United Kingdom,DATA EXPIRED,English,United Kingdom,Male,DATA EXPIRED,4.23
5d5ec22eb302b7001c0777e2,5cbb3b75fb8dfe00018398bd,TIMED-OUT,2019-08-22 16:26:26.419000,,58492511.092834,27,145,1,99,,,Romania,United Kingdom,Other,Romanian,Romania,Female,Yes,NULL
5d5ec26b9ee04600154a94a0,5c8aa0ca2b88840001d5cbca,APPROVED,2019-08-22 16:27:33.640000,2019-08-22 17:07:14.451000,2380.811,25,68,0,100,2019-08-22 17:26:09.653000,RNFS5HP5,Poland,Poland,DATA EXPIRED,Polish,Poland,Female,DATA EXPIRED,4.13
5d5ec2bbbb2dee001778cbf9,5c5bee59970c84000165762d,APPROVED,2019-08-22 16:28:46.650000,2019-08-22 17:04:37.672000,2151.022,36,80,0,100,2019-08-22 17:04:45.049000,RNFS5HP5,United Kingdom,United Kingdom,DATA EXPIRED,English,United Kingdom,Female,No,4.08
5d5ec2f5026f270019cf2c07,5bd0ba1c9afb5b00015b77c1,APPROVED,2019-08-22 16:29:43.353000,2019-08-22 16:58:07.861000,1704.508,25,11,1,99,2019-08-22 17:04:46.163000,RNFS5HP5,Norway,Norway,DATA EXPIRED,Norwegian,Norway,Male,DATA EXPIRED,4.34
5d5ec2f92ac62e00194af593,5ac48ded5cd1050001622c4a,APPROVED,2019-08-22 16:29:47.327000,2019-08-22 17:03:49.004000,2041.677,24,262,3,98,2019-08-22 17:04:46.894000,RNFS5HP5,Portugal,Portugal,Full-Time,Portuguese,Portugal,Female,No,NULL
5d5ec2fda8c65d0001acc97e,56295ad5c8ffc20012513ae6,APPROVED,2019-08-22 16:29:54.580000,2019-08-22 16:59:16.824000,1762.244,45,107,1,100,2019-08-22 17:04:47.860000,RNFS5HP5,Finland,United Kingdom,DATA EXPIRED,English,Finland,Female,DATA EXPIRED,4.44
5d5ec322b302b7001c0777e9,5cdd2e2a8b39ba00191a227e,APPROVED,2019-08-22 16:30:28.948000,2019-08-22 17:01:22.576000,1853.628,25,36,1,100,2019-08-22 17:04:51.254000,RNFS5HP5,United Kingdom,United Kingdom,DATA EXPIRED,English,United Kingdom,Male,DATA EXPIRED,3.47
5d5ec33beefb4600012fcab3,5baeaaefad2a8d0001401bf2,APPROVED,2019-08-22 16:31:31.858000,2019-08-22 17:17:33.084000,2761.226,20,157,0,100,2019-08-22 17:26:45.212000,RNFS5HP5,United Kingdom,United Kingdom,DATA EXPIRED,English,United Kingdom,Male,DATA EXPIRED,3.47
5d5ec36ff67ef30019c10a24,5d5e951ede1bc300015aa0eb,APPROVED,2019-08-22 16:31:44.774000,2019-08-22 17:01:17.057000,1772.283,59,1,0,100,2019-08-22 17:04:53.224000,RNFS5HP5,Nigeria,United Kingdom,DATA EXPIRED,English,United Kingdom,Female,DATA EXPIRED,1.68
5d5ec37dc27824001b2aa809,5ccf5f72222373001912f61e,APPROVED,2019-08-22 16:31:58.951000,2019-08-22 17:10:26.351000,2307.4,24,110,2,99,2019-08-22 17:26:12.650000,RNFS5HP5,Portugal,Portugal,DATA EXPIRED,Portuguese,Portugal,Female,DATA EXPIRED,4.34
5d5ec386d4b96700184f4bb0,5c436a068bb6fd000163e4e8,APPROVED,2019-08-22 16:32:13.292000,2019-08-22 17:03:02.568000,1849.276,26,121,1,100,2019-08-22 17:04:55.108000,RNFS5HP5,United Kingdom,United Kingdom,DATA EXPIRED,English,United Kingdom,Female,DATA EXPIRED,3.93
5d5ec3e9b85524001b1425b3,5d2c5742a41f43001902093f,APPROVED,2019-08-22 16:33:47.851000,2019-08-22 17:13:35.883000,2388.032,46,12,0,100,2019-08-22 17:26:14.870000,RNFS5HP5,Poland,Poland,Unemployed (and job seeking),Polish,Poland,Female,No,3.16
5d5ec436a8c65d0017acc847,5b3322d96d601d0001d62246,APPROVED,2019-08-22 16:35:09.677000,2019-08-22 17:37:58.151000,3768.474,27,94,2,97,2019-08-23 09:11:18.439000,RNFS5HP5,Canada,Canada,DATA EXPIRED,English,Canada,Female,DATA EXPIRED,4.03
5d5ec444133b8d001a085527,5c1df41d547c140001d43e4c,APPROVED,2019-08-22 16:35:20.648000,2019-08-22 17:00:43.215000,1522.567,56,52,0,100,2019-08-22 17:04:59.357000,RNFS5HP5,United Kingdom,United Kingdom,Full-Time,English,United Kingdom,Female,No,3.88
5d5ec44604eb33001be99265,57a1e4bb70c76a0001246608,APPROVED,2019-08-22 16:35:20.452000,2019-08-22 17:12:16.106000,2215.654,28,92,0,100,2019-08-22 17:26:15.882000,RNFS5HP5,United Kingdom,United Kingdom,DATA EXPIRED,English,United Kingdom,Female,DATA EXPIRED,4.03
5d5ec45c27f4400001beb3bd,5c194c99ca244f00013616ea,APPROVED,2019-08-22 16:35:41.345000,2019-08-22 17:04:31.273000,1729.928,21,276,1,100,2019-08-22 17:05:01.172000,RNFS5HP5,Portugal,Portugal,Part-Time,Portuguese,Portugal,Male,Yes,3.78
5d5ec460ccc6760015caf5f6,5d5587bb7c447d0019f371dc,APPROVED,2019-08-22 16:35:52.547000,2019-08-22 17:14:36.299000,2323.752,33,15,0,100,2019-08-22 17:29:16.557000,RNFS5HP5,United Kingdom,United Kingdom,DATA EXPIRED,English,United Kingdom,Female,DATA EXPIRED,4.69
5d5ec46a887cfa000178ebd3,5ce19e6045dccf00155889a7,TIMED-OUT,2019-08-22 16:36:00.123000,,58491937.759869,26,194,1,100,,,United Kingdom,United Kingdom,DATA EXPIRED,English,United Kingdom,Male,DATA EXPIRED,NULL
5d5ec46fa617c9000173596e,5ccf247b3a7dbb001796ab4a,APPROVED,2019-08-22 16:36:01.305000,2019-08-22 17:12:16.247000,2174.942,,29,0,100,2019-08-22 17:26:19.579000,RNFS5HP5,DATA EXPIRED,DATA EXPIRED,DATA EXPIRED,DATA EXPIRED,DATA EXPIRED,DATA EXPIRED,DATA EXPIRED,3.01
5d5ec473ccc6760019caf5fe,5cd3e8f3c088820001e9e537,APPROVED,2019-08-22 16:36:05.620000,2019-08-22 17:19:20.698000,2595.078,35,41,0,100,2019-08-22 17:26:22.321000,RNFS5HP5,Hungary,Hungary,Full-Time,Hungarian,Hungary,Male,No,4.8
5d5ec49ceefb4600182fccf2,5b5670cce689060001c8e807,TIMED-OUT,2019-08-22 16:36:48.310000,,58491889.647132,28,118,0,100,,,Ireland,Ireland,Full-Time,English,Ireland,Female,No,NULL
5d5ec4a1a77f560001d91d2e,5d51393f44a15900176ac97e,RETURNED,2019-08-22 16:36:51.773000,,58491886.205097,22,85,2,98,,,CONSENT REVOKED,CONSENT REVOKED,CONSENT REVOKED,CONSENT REVOKED,CONSENT REVOKED,CONSENT REVOKED,CONSENT REVOKED,NULL
5d5ec4d83a6589001c98bca3,5d5c7b0c98683400182d00cb,APPROVED,2019-08-22 16:37:50.943000,2019-08-22 17:13:01.385000,2110.442,20,173,0,100,2019-08-22 17:26:24.878000,RNFS5HP5,Spain,Spain,Other,Spanish,Spain,Female,No,4.59
5d5ec4dd0c20900017e37110,5d30d90c10762400172d1233,APPROVED,2019-08-22 16:37:51.162000,2019-08-22 17:06:35.330000,1724.168,21,164,0,100,2019-08-22 17:26:25.729000,RNFS5HP5,Greece,Greece,Unemployed (and job seeking),Greek,Greece,Male,No,3.27
5d5ec4e66a846b001b760708,5d558bbb4d533d00174f9078,RETURNED,2019-08-22 16:38:08.150000,,58491809.895604,75,28,1,96,,,CONSENT REVOKED,CONSENT REVOKED,CONSENT REVOKED,CONSENT REVOKED,CONSENT REVOKED,CONSENT REVOKED,CONSENT REVOKED,NULL
5d5ec507e9a2cf001968d233,5d5e66b3844f160001f24150,APPROVED,2019-08-22 16:38:39.638000,2019-08-22 17:21:30.896000,2571.258,62,467,0,100,2019-08-22 17:26:29.381000,RNFS5HP5,United Kingdom,United Kingdom,Part-Time,English,United Kingdom,Female,No,4.39
5d5ec509d882d60016b29097,5c90df91f6333f00160d61a2,APPROVED,2019-08-22 16:38:35.172000,2019-08-22 17:04:17.643000,1542.471,21,103,0,100,2019-08-22 17:05:06.598000,RNFS5HP5,United Kingdom,United Kingdom,DATA EXPIRED,English,United Kingdom,Male,DATA EXPIRED,3.93
5d5ec5196411650001fe82b6,5cacc9cd0f757800019d0bac,APPROVED,2019-08-22 16:38:52.245000,2019-08-22 17:20:46.756000,2514.511,20,103,1,100,2019-08-22 17:26:31.833000,RNFS5HP5,Poland,Poland,Unemployed (and job seeking),Polish,Poland,Male,Yes,3.78
5d5ec51e026f270015cf2c01,5d544f2d43ff1a001a755ba0,RETURNED,2019-08-22 16:38:58,,58491760.125818,31,3,0,100,,,CONSENT REVOKED,CONSENT REVOKED,CONSENT REVOKED,CONSENT REVOKED,CONSENT REVOKED,CONSENT REVOKED,CONSENT REVOKED,NULL
5d5ec5307f12d90001c16173,5d5b0f01e7a79e0017fc56a1,APPROVED,2019-08-22 16:39:24.800000,2019-08-22 17:08:06.837000,1722.037,28,284,0,100,2019-08-22 17:17:07.667000,RNFS5HP5,Canada,Canada,Full-Time,French,Canada,Male,Yes,3.78
5d5ec53e4d61c60016b602a8,5bdcd8f78b0d7e0001228e13,APPROVED,2019-08-22 16:39:28.443000,2019-08-22 17:12:48.507000,2000.064,25,28,1,98,2019-08-22 17:17:05.729000,RNFS5HP5,Kuwait,United States,DATA EXPIRED,Arabic,Sudan,Female,DATA EXPIRED,4.23
5d5ec55fab1bc0000104f683,5cc3040998766700187a4fb6,APPROVED,2019-08-22 16:40:01.564000,2019-08-22 17:06:35.127000,1593.563,22,44,0,100,2019-08-22 17:17:04.363000,RNFS5HP5,Turkey,Italy,DATA EXPIRED,Turkish,Turkey,Male,No,5
5d5ec5602ac97f001923d9f8,5ba920744584060001d688a1,APPROVED,2019-08-22 16:40:30.697000,2019-08-22 17:17:20.675000,2209.978,,127,0,100,2019-08-22 17:26:34.196000,RNFS5HP5,DATA EXPIRED,DATA EXPIRED,DATA EXPIRED,DATA EXPIRED,DATA EXPIRED,DATA EXPIRED,DATA EXPIRED,3.52
5d5ec6021953550001a2d8b1,5c35968719ceb400010b9e69,APPROVED,2019-08-22 16:42:46.584000,2019-08-22 17:12:43.009000,1796.425,38,114,0,100,2019-08-22 17:17:00.309000,RNFS5HP5,Canada,Canada,DATA EXPIRED,English,Canada,Female,Yes,3.21
5d5ec650ac2fcc001bbca951,5a646e2435f26b0001492aa3,APPROVED,2019-08-22 16:44:44.678000,2019-08-22 17:26:07.566000,2482.888,46,372,1,100,2019-08-22 17:26:37.828000,RNFS5HP5,Italy,Italy,DATA EXPIRED,Italian,Italy,Male,DATA EXPIRED,3.93
5d5ecda70eea70001a92743b,5d10fe33fbbf3d001a56d936,APPROVED,2019-08-22 17:15:21.235000,2019-08-22 17:44:43.436000,1762.201,23,121,2,98,2019-08-23 09:11:22.117000,RNFS5HP5,Poland,Poland,Part-Time,Polish,Poland,Male,Yes,4.13
5d5ed1d5e9cd6800189173b1,5d1f3d627b511000196644c2,APPROVED,2019-08-22 17:33:11.858000,2019-08-22 17:57:37.801000,1465.943,54,120,2,98,2019-08-23 09:11:22.995000,RNFS5HP5,Israel,Israel,DATA EXPIRED,Hebrew,Israel,Male,DATA EXPIRED,3.37
5d5ed1d6a0ccf30019283119,5c4bb5a2620ba700010bf02b,APPROVED,2019-08-22 17:33:12.718000,2019-08-22 17:57:32.186000,1459.468,,76,6,91,2019-08-23 09:11:24.031000,RNFS5HP5,DATA EXPIRED,DATA EXPIRED,DATA EXPIRED,DATA EXPIRED,DATA EXPIRED,DATA EXPIRED,DATA EXPIRED,4.03
5d5ed4a19f1cc0001ac4502b,5ac1f7750527ba0001c1f4a3,APPROVED,2019-08-22 17:45:07.122000,2019-08-22 18:15:20.459000,1813.337,37,414,6,98,2019-08-23 09:11:24.978000,RNFS5HP5,Pakistan,United Kingdom,DATA EXPIRED,DATA EXPIRED,United Kingdom,Female,DATA EXPIRED,2.7
5d5ed4a67ad3c900169e32cb,5c1fe90c6306170001399283,APPROVED,2019-08-22 17:45:23.483000,2019-08-22 18:15:15.559000,1792.076,22,259,1,100,2019-08-23 09:11:27.048000,RNFS5HP5,United Kingdom,United Kingdom,DATA EXPIRED,English,United Kingdom,Female,DATA EXPIRED,3.11
5d5fb66ebb00130018c4d1d2,5d5f4d1f0e71190019c644b9,APPROVED,2019-08-23 09:48:48.706000,2019-08-23 10:29:38.608000,2449.902,44,80,0,100,2019-08-23 12:31:19.226000,RNFS5HP5,Australia,Australia,Part-Time,English,Australia,Female,No,4.54
5d5fb6e3ee5a1a0018a318cb,5d5e38cefd86eb00154bbecc,RETURNED,2019-08-23 10:01:00.055000,,58429666.918707,51,19,0,100,,,CONSENT REVOKED,CONSENT REVOKED,CONSENT REVOKED,CONSENT REVOKED,CONSENT REVOKED,CONSENT REVOKED,CONSENT REVOKED,NULL
5d5fb83ece97dd00180d688a,5d5e72fd22ed010001c4cf05,RETURNED,2019-08-23 09:56:25.793000,,58429941.214102,40,51,0,100,,,CONSENT REVOKED,CONSENT REVOKED,CONSENT REVOKED,CONSENT REVOKED,CONSENT REVOKED,CONSENT REVOKED,CONSENT REVOKED,NULL
5d5fb88d47787f000175c6f8,5c9102f33c63480016f60238,APPROVED,2019-08-23 09:57:33.396000,2019-08-23 10:24:36.759000,1623.363,,56,0,100,2019-08-23 12:31:20.354000,RNFS5HP5,DATA EXPIRED,DATA EXPIRED,DATA EXPIRED,DATA EXPIRED,DATA EXPIRED,DATA EXPIRED,DATA EXPIRED,3.83
5d5fb89b21d475000122ffe7,5ce5e3156ad4e5001e097513,TIMED-OUT,2019-08-23 09:57:50.698000,,58429856.362168,21,84,1,100,,,United Kingdom,United Kingdom,Part-Time,English,United Kingdom,Male,Yes,NULL
5d5fb89e47787f000175c6fa,5d5fa27157a44b0017933c40,APPROVED,2019-08-23 09:58:03.599000,2019-08-23 10:37:57.119000,2393.52,34,3,0,100,2019-08-23 12:31:21.419000,RNFS5HP5,India,United Kingdom,DATA EXPIRED,English,India,Female,DATA EXPIRED,3.83
5d5fb913ce97dd00010d6a79,5d5eca791d3dc9001aab6455,TIMED-OUT,2019-08-23 09:59:51.051000,,58429736.041746,28,0,0,100,,,Italy,Germany,DATA EXPIRED,Spanish,Spain,Female,DATA EXPIRED,NULL
5d5fb921eb897300012fe21a,5c927bb0a1c62a00154c6905,APPROVED,2019-08-23 10:00:01.156000,2019-08-23 10:49:44.388000,2983.232,,121,1,100,2019-08-23 12:31:22.467000,RNFS5HP5,DATA EXPIRED,DATA EXPIRED,DATA EXPIRED,DATA EXPIRED,DATA EXPIRED,DATA EXPIRED,DATA EXPIRED,3.62
5d5fb9ff6d37e2001966dbdf,5be29305c2b4970001b14c34,APPROVED,2019-08-23 10:03:44.901000,2019-08-23 10:04:31.773000,46.872,41,29,4,86,2019-08-23 12:31:23.562000,NOCODE,Poland,Poland,Full-Time,Polish,Poland,Female,No,NULL
5d5fba33693cad00177d230b,5a425feb6d85f80001c244fc,APPROVED,2019-08-23 10:04:39.078000,2019-08-23 10:34:55.449000,1816.371,36,169,1,100,2019-08-23 12:31:24.931000,RNFS5HP5,United Kingdom,United Kingdom,DATA EXPIRED,English,United Kingdom,Female,DATA EXPIRED,4.59
5d5fba4d7aecd8001716178b,5d5e6032d2f6d00001f60901,RETURNED,2019-08-23 10:05:04.882000,,58429422.289389,27,163,9,89,,,CONSENT REVOKED,CONSENT REVOKED,CONSENT REVOKED,CONSENT REVOKED,CONSENT REVOKED,CONSENT REVOKED,CONSENT REVOKED,NULL
5d5fbab9b96900001a74f255,5d5fa846bdf9720017023100,APPROVED,2019-08-23 10:07:03.187000,2019-08-23 10:33:23.526000,1580.339,33,9,0,100,2019-08-23 12:31:26.447000,RNFS5HP5,United Kingdom,United Kingdom,DATA EXPIRED,English,United Kingdom,Male,DATA EXPIRED,3.27
5d5fbacbb509890001fb958e,581685389f56020001bc79d9,RETURNED,2019-08-23 10:07:11.658000,,58429295.555832,33,27,0,100,,,CONSENT REVOKED,CONSENT REVOKED,CONSENT REVOKED,CONSENT REVOKED,CONSENT REVOKED,CONSENT REVOKED,CONSENT REVOKED,NULL
5d5fbb37d59df6001b25f48e,5bb36695bfaca5000125901f,APPROVED,2019-08-23 10:08:59.485000,2019-08-23 10:36:17.850000,1638.365,33,46,0,100,2019-08-23 12:31:29.408000,RNFS5HP5,Poland,Poland,DATA EXPIRED,Polish,Poland,Female,DATA EXPIRED,3.93
5d5fbbaebb7d0a00016798a0,5d5faf38887cfa001978f0a1,APPROVED,2019-08-23 10:10:59.055000,2019-08-23 10:37:41.002000,1601.947,31,2,0,100,2019-08-23 12:31:30.743000,RNFS5HP5,United Kingdom,United Kingdom,DATA EXPIRED,English,United Kingdom,Male,DATA EXPIRED,3.32
5d5fbc590b41ce0001d0c3d7,5cb1a2eec567c000122a6d2c,RETURNED,2019-08-23 10:13:52.514000,,58428894.770882,39,29,1,98,,,CONSENT REVOKED,CONSENT REVOKED,CONSENT REVOKED,CONSENT REVOKED,CONSENT REVOKED,CONSENT REVOKED,CONSENT REVOKED,NULL
5d5fbc887aecd80016161688,5d05e9b55d304d0019aa34e0,TIMED-OUT,2019-08-23 10:14:32.192000,,58428855.108925,47,1,0,100,,,DATA EXPIRED,United Kingdom,DATA EXPIRED,DATA EXPIRED,DATA EXPIRED,DATA EXPIRED,DATA EXPIRED,NULL
5d5fbc8d438817001a64c7a3,5ae791614f337300016ffa97,APPROVED,2019-08-23 10:14:41.624000,2019-08-23 10:49:22.589000,2080.965,32,117,1,100,2019-08-23 12:31:31.646000,RNFS5HP5,United Kingdom,United Kingdom,DATA EXPIRED,English,United Kingdom,Male,DATA EXPIRED,4.34
5d5fbca4b509890001fb959d,5c741aac5d19e300179d39ac,APPROVED,2019-08-23 10:15:01.985000,2019-08-23 10:44:49.636000,1787.651,24,73,1,100,2019-08-23 12:31:32.562000,RNFS5HP5,Estonia,Estonia,Full-Time,Estonian,Estonia,Female,No,3.93
5d5fbcfc0fc94a0001632b13,5d1c96112cd31f0001a18b5b,APPROVED,2019-08-23 10:16:31.568000,2019-08-23 10:52:20.450000,2148.882,24,34,0,100,2019-08-23 12:31:33.635000,RNFS5HP5,Ukraine,Germany,DATA EXPIRED,Russian,Ukraine,Female,DATA EXPIRED,4.8
5d5fbd417f874a0019d40a35,5d4db937447b8000010b3bbc,RETURNED,2019-08-23 10:17:39.754000,,58428667.632478,20,0,0,100,,,CONSENT REVOKED,CONSENT REVOKED,CONSENT REVOKED,CONSENT REVOKED,CONSENT REVOKED,CONSENT REVOKED,CONSENT REVOKED,NULL
5d5fbd6b29d401001aac5db4,5ce7d9817a1a23001c8e059f,APPROVED,2019-08-23 10:18:25.478000,2019-08-23 10:52:13.301000,2027.823,41,60,2,96,2019-08-23 12:31:34.943000,RNFS5HP5,Poland,Poland,Part-Time,Polish,Poland,Female,No,4.39
5d5fbd786da6c60018f08b1a,5b464c25a8e1e500017c5ff8,APPROVED,2019-08-23 10:18:37.479000,2019-08-23 10:55:50.218000,2232.739,37,131,1,100,2019-08-23 12:31:35.951000,RNFS5HP5,Pakistan,United Kingdom,Part-Time,Urdu,Pakistan,Male,No,3.47
5d5fbd7947787f001a75c414,5b9f4dedd1ff7a00013c0edd,APPROVED,2019-08-23 10:18:39.474000,2019-08-23 10:47:10.990000,1711.516,32,49,1,100,2019-08-23 12:31:37.176000,RNFS5HP5,Switzerland,Portugal,DATA EXPIRED,Portuguese,Portugal,Male,DATA EXPIRED,4.49
5d5fbd9a8662a2001ecbcfa7,5b90307437572f0001b9267c,APPROVED,2019-08-23 10:19:14.252000,2019-08-23 11:08:00.042000,2925.79,,99,1,100,2019-08-23 12:31:38.120000,RNFS5HP5,South Africa,United Kingdom,DATA EXPIRED,English,United Kingdom,Female,DATA EXPIRED,3.93
5d5fbdfa7c08d4001a3c1658,582a0f48429e67000168cef9,APPROVED,2019-08-23 10:20:49.303000,2019-08-23 11:06:10.900000,2721.597,30,186,0,100,2019-08-23 12:31:39.366000,RNFS5HP5,Portugal,Portugal,Other,Portuguese,Portugal,Female,Yes,4.18
5d5fbdfd4b72b20001bd3a16,5d5fb015eefb4600182fd008,APPROVED,2019-08-23 10:20:51.775000,2019-08-23 11:07:46.343000,2814.568,26,1,0,100,2019-08-23 12:31:40.452000,NOCODE,DATA EXPIRED,Portugal,DATA EXPIRED,DATA EXPIRED,DATA EXPIRED,DATA EXPIRED,DATA EXPIRED,NULL
5d5fbe010b31c20001e9ea71,5be362ddb1ae9c00013e2bb4,APPROVED,2019-08-23 10:20:52.520000,2019-08-23 10:47:48.388000,1615.868,,96,5,94,2019-08-23 12:31:41.310000,RNFS5HP5,DATA EXPIRED,DATA EXPIRED,DATA EXPIRED,DATA EXPIRED,DATA EXPIRED,DATA EXPIRED,DATA EXPIRED,3.93
5d5fbe405fd22f000101a9dd,5beaf5c1ca3a1a0001823677,APPROVED,2019-08-23 10:21:57.674000,2019-08-23 10:58:03.997000,2166.323,31,103,0,100,2019-08-23 12:31:42.292000,RNFS5HP5,Greece,Greece,Part-Time,Greek,Greece,Male,Yes,3.78
5d5fbe775fd22f001501a857,5d348996f665c6001ab9aba0,APPROVED,2019-08-23 10:22:50.510000,2019-08-23 10:43:13.911000,1223.401,,17,3,79,2019-08-23 12:31:43.432000,RNFS5HP5,DATA EXPIRED,DATA EXPIRED,DATA EXPIRED,DATA EXPIRED,DATA EXPIRED,DATA EXPIRED,DATA EXPIRED,4.44
5d5fbe842321a600166a5f76,5d5d35003b40220019d9966c,RETURNED,2019-08-23 10:23:06.111000,,58428341.472629,42,2,0,100,,,CONSENT REVOKED,CONSENT REVOKED,CONSENT REVOKED,CONSENT REVOKED,CONSENT REVOKED,CONSENT REVOKED,CONSENT REVOKED,NULL
5d5fbebf7c08d400013c1654,5cdd8b3ca147210015aefd54,APPROVED,2019-08-23 10:24:04.281000,2019-08-23 10:51:18.837000,1634.556,37,89,1,100,2019-08-23 12:31:44.308000,RNFS5HP5,United Kingdom,United Kingdom,DATA EXPIRED,English,United Kingdom,Female,DATA EXPIRED,3.11
5d5fbeca27f4400015beb462,5d189d9559da870016c41c57,APPROVED,2019-08-23 10:24:23.526000,2019-08-23 11:00:56.885000,2193.359,37,224,1,100,2019-08-23 12:31:45.252000,RNFS5HP5,Spain,Spain,DATA EXPIRED,Spanish,Spain,Female,DATA EXPIRED,4.44
5d5fbf3d04eb33001be9960f,5c76f698374321001812fe71,APPROVED,2019-08-23 10:26:07.540000,2019-08-23 10:58:25.271000,1937.731,21,90,1,100,2019-08-23 12:31:46.257000,RNFS5HP5,Germany,United Kingdom,Other,English,United Kingdom,Male,Yes,3.11
5d5fbf800609870001633b15,5d4dbaaa9a22ea0001d735e0,APPROVED,2019-08-23 10:27:15.980000,2019-08-23 11:17:34.097000,3018.117,25,16,0,100,2019-08-23 12:31:47.216000,RNFS5HP5,United Kingdom,United Kingdom,DATA EXPIRED,English,United Kingdom,Female,DATA EXPIRED,4.44
5d5fbfc547787f001a75c41a,5a215edcc3e60a0001780c3c,APPROVED,2019-08-23 10:28:34.139000,2019-08-23 10:56:45.926000,1691.787,28,372,6,98,2019-08-23 12:31:48.135000,RNFS5HP5,Italy,Italy,"Not in paid work (e.g. homemaker', 'retired or disabled)",Italian,Italy,Female,Yes,4.64
5d5fbfcefd813100162493c4,5d08bec3f4f8e80001ef1709,APPROVED,2019-08-23 10:28:37.775000,2019-08-23 11:04:04.447000,2126.672,24,204,2,100,2019-08-23 12:31:49.244000,RNFS5HP5,Portugal,Portugal,Full-Time,English,United Kingdom,Female,No,3.16
5d5fbfd0f4c6fa0019234a95,5a6f81b46fc3c60001f94a01,APPROVED,2019-08-23 10:28:37.465000,2019-08-23 11:28:42.960000,3605.495,49,14,0,100,2019-08-23 12:31:50.471000,RNFS5HP5,Belgium,Spain,DATA EXPIRED,Spanish,Spain,Female,DATA EXPIRED,3.72
5d5fc00f04eb330001e992fe,5cb5e6057f36f00015e8dc0b,APPROVED,2019-08-23 10:30:19.930000,2019-08-23 10:59:59.760000,1779.83,23,43,1,99,2019-08-23 12:31:51.446000,RNFS5HP5,Portugal,Portugal,Unemployed (and job seeking),Portuguese,Portugal,Male,No,3.21
5d5fc02906ed5a001a207ec6,5a1e6508517dfb00013dd1d1,APPROVED,2019-08-23 10:30:03.213000,2019-08-23 11:03:20.084000,1996.871,33,169,3,99,2019-08-23 12:31:52.559000,RNFS5HP5,United Kingdom,United Kingdom,DATA EXPIRED,English,United Kingdom,Female,DATA EXPIRED,4.08
5d5fc033fd813100182493d0,5bd08b85669ee1000143ddbc,APPROVED,2019-08-23 10:30:20.924000,2019-08-23 10:56:02.565000,1541.641,26,74,1,100,2019-08-23 12:31:53.552000,RNFS5HP5,Italy,Italy,DATA EXPIRED,Italian,Italy,Male,DATA EXPIRED,3.27
5d5fc0527aecd800011616d8,5d5ed7fda2d8a60015e2c2c7,RETURNED,2019-08-23 10:30:49.582000,,58427878.208177,29,0,0,100,,,CONSENT REVOKED,CONSENT REVOKED,CONSENT REVOKED,CONSENT REVOKED,CONSENT REVOKED,CONSENT REVOKED,CONSENT REVOKED,NULL
5d5fc05496be4a00018860f0,5595204cfdf99b075818cb41,APPROVED,2019-08-23 10:30:47.695000,2019-08-23 11:04:06.708000,1999.013,40,176,0,100,2019-08-23 12:31:54.736000,RNFS5HP5,Greece,United Kingdom,DATA EXPIRED,Greek,Greece,Female,DATA EXPIRED,4.39
5d5fc072ef29b8001788cbf6,5cd296fe915d5500146960cd,RETURNED,2019-08-23 10:31:19.052000,,58427848.768849,,3,0,100,,,CONSENT REVOKED,CONSENT REVOKED,CONSENT REVOKED,CONSENT REVOKED,CONSENT REVOKED,CONSENT REVOKED,CONSENT REVOKED,NULL
5d5fc0a627f4400001beb7f6,5d3241a6d63753001ad72d82,APPROVED,2019-08-23 10:32:26.589000,2019-08-23 10:54:32.860000,1326.271,31,22,0,100,2019-08-23 12:31:55.696000,RNFS5HP5,United Kingdom,United Kingdom,DATA EXPIRED,English,United Kingdom,Female,DATA EXPIRED,4.44
5d5fc0d5bdf9720017023174,5c589d2b9fcbc40001dcbce9,APPROVED,2019-08-23 10:32:56.779000,2019-08-23 10:59:49.930000,1613.151,22,103,2,97,2019-08-23 12:31:56.749000,RNFS5HP5,United States,United States,DATA EXPIRED,English,United States,Female,DATA EXPIRED,1.99
5d5fc0dd7eeb9400151bc03c,5c78079b896a0b00151c18ca,APPROVED,2019-08-23 10:33:04.001000,2019-08-23 11:04:02.580000,1858.579,35,47,1,100,2019-08-23 12:31:58.059000,RNFS5HP5,Belgium,Belgium,DATA EXPIRED,Dutch,Belgium,Female,DATA EXPIRED,4.18
5d5fc0e9f4c6fa0015234982,5896f9951a06b50001a7ff12,APPROVED,2019-08-23 10:33:15.763000,2019-08-23 11:09:36.861000,2181.098,25,172,1,100,2019-08-23 12:31:59.070000,RNFS5HP5,Spain,Spain,Full-Time,Spanish,Spain,Male,Yes,3.37
5d5fc0f4887cfa001578ec3e,5d5e66a74cb63d00193fe0ba,APPROVED,2019-08-23 10:33:34.476000,2019-08-23 11:09:31.475000,2156.999,20,2,0,100,2019-08-23 12:32:00.057000,RNFS5HP5,Poland,Poland,DATA EXPIRED,Polish,Poland,Female,DATA EXPIRED,3.21
5d5fc0f769acde0019c900ce,5a16e865a383a100011b5ea3,APPROVED,2019-08-23 10:33:30.304000,2019-08-23 11:01:19.905000,1669.601,28,80,0,100,2019-08-23 12:32:01.002000,RNFS5HP5,Hong Kong,United Kingdom,Full-Time,Chinese,Hong Kong,Female,No,4.39
5d5fc116a3b94d0019da3d5f,5cd45ad839aa1a0001596d4c,APPROVED,2019-08-23 10:34:01.613000,2019-08-23 11:17:22.529000,2600.916,38,60,0,100,2019-08-23 12:32:01.847000,RNFS5HP5,Sweden,Sweden,DATA EXPIRED,Swedish,Sweden,Male,DATA EXPIRED,4.54
5d5fc135b868c10001b1dd60,5b28159f8ecf3f000161ad38,RETURNED,2019-08-23 10:34:31.848000,,58427656.129829,23,118,0,100,,,CONSENT REVOKED,CONSENT REVOKED,CONSENT REVOKED,CONSENT REVOKED,CONSENT REVOKED,CONSENT REVOKED,CONSENT REVOKED,NULL
5d5fc1477aecd80017161798,5d53408b40a143001994d4e7,TIMED-OUT,2019-08-23 10:34:52.234000,,58427635.759125,29,28,1,94,,,United States,United States,DATA EXPIRED,English,United States,Male,DATA EXPIRED,NULL
5d5fc166887cfa001978f0ed,5d5d726e844f160018f23caa,TIMED-OUT,2019-08-23 10:35:41.068000,,58427586.940625,44,6,0,100,,,United Kingdom,United Kingdom,DATA EXPIRED,English,United Kingdom,Male,DATA EXPIRED,NULL
5d5fc179b509890001fb95c8,5c13f3dd328dfa0001957fc5,APPROVED,2019-08-23 10:35:47.054000,2019-08-23 11:04:43.112000,1736.058,23,167,1,100,2019-08-23 12:32:02.732000,RNFS5HP5,Greece,Greece,Unemployed (and job seeking),Greek,Greece,Male,Yes,3.98
5d5fc17d6da6c60001f0923f,5b95b1fe83bd380001b8d4e6,APPROVED,2019-08-23 10:36:02.722000,2019-08-23 11:24:07.950000,2885.228,29,146,0,100,2019-08-23 12:32:05.099000,RNFS5HP5,United Kingdom,United Kingdom,Full-Time,English,United Kingdom,Female,No,3.52
5d5fc1892321a600176a5f58,5cb5ffdaa4a816001a606109,APPROVED,2019-08-23 10:35:55.363000,2019-08-23 11:00:41.897000,1486.534,20,15,0,100,2019-08-23 12:32:06.247000,RNFS5HP5,Poland,Poland,DATA EXPIRED,Polish,Poland,Male,DATA EXPIRED,3.16
5d5fc19204eb330001e99302,5c52eab6e670020001970f18,RETURNED,2019-08-23 10:36:04.479000,,58427563.615665,23,262,5,97,,,CONSENT REVOKED,CONSENT REVOKED,CONSENT REVOKED,CONSENT REVOKED,CONSENT REVOKED,CONSENT REVOKED,CONSENT REVOKED,NULL
5d5fc19eca10e90019bc038f,5c49c880f80d580001edf7d4,APPROVED,2019-08-23 10:36:14.481000,2019-08-23 11:15:55.549000,2381.068,34,221,0,100,2019-08-23 12:32:07.307000,RNFS5HP5,Portugal,Portugal,Full-Time,Portuguese,Portugal,Female,Yes,3.88
5d5fc2301d7a3e0001d6a3c6,5c27cd929a758d0001ab6f46,APPROVED,2019-08-23 10:38:42.545000,2019-08-23 11:11:30.352000,1967.807,30,41,3,92,2019-08-23 12:32:08.227000,RNFS5HP5,France,Portugal,Full-Time,Portuguese,Portugal,Male,No,2.81
5d5fc34a27f4400001beb804,5d52b4628c48ca0017855e69,APPROVED,2019-08-23 10:43:44.575000,2019-08-23 11:36:57.680000,3193.105,25,176,0,100,2019-08-23 12:32:09.121000,RNFS5HP5,Egypt,Poland,DATA EXPIRED,DATA EXPIRED,Egypt,Male,DATA EXPIRED,3.93
5d5fc74657a58e00165b131f,5b36523e7bc6be00010c7678,APPROVED,2019-08-23 11:00:25.928000,2019-08-23 11:20:47.416000,1221.488,,204,10,93,2019-08-23 12:32:10.113000,RNFS5HP5,DATA EXPIRED,DATA EXPIRED,DATA EXPIRED,DATA EXPIRED,DATA EXPIRED,DATA EXPIRED,DATA EXPIRED,3.47
5d5fc74eb9233e0016f941e1,5d0e1b87467e3e00169c5ae5,APPROVED,2019-08-23 11:00:36.465000,2019-08-23 11:34:07.367000,2010.902,28,81,0,100,2019-08-23 12:32:11.018000,RNFS5HP5,United Kingdom,United Kingdom,DATA EXPIRED,English,United Kingdom,Female,DATA EXPIRED,NULL
5d5fcac30fc94a001c632dd9,5ba4a56d9629a90001b3276b,APPROVED,2019-08-23 11:15:23.930000,2019-08-23 11:43:46.816000,1702.886,33,96,0,100,2019-08-23 12:32:11.886000,RNFS5HP5,South Africa,Netherlands,Full-Time,Afrikaans,South Africa,Male,No,4.39
5d5fd1d2ca10e90001bc028b,5d2a0577c22768001666cdbf,APPROVED,2019-08-23 11:45:26.168000,2019-08-23 12:18:16.663000,1970.495,,43,4,88,2019-08-23 12:32:12.943000,RNFS5HP5,DATA EXPIRED,DATA EXPIRED,DATA EXPIRED,DATA EXPIRED,DATA EXPIRED,DATA EXPIRED,DATA EXPIRED,NULL
5d5fd1d76288010001e8da85,5c4271f51b4bf300018b0920,APPROVED,2019-08-23 11:45:29.390000,2019-08-23 12:12:24.175000,1614.785,20,269,4,98,2019-08-23 12:32:13.835000,RNFS5HP5,Portugal,Portugal,Unemployed (and job seeking),Portuguese,Portugal,Male,Yes,3.62
