"RetrieveAndCompare","3325406994","5cc1f4d8ef7ba20017330c2a","CRT-7","1","1","2","2","18035","14:40:05"
"RetrieveAndCompare","439844155","598b453278c7d500012cc0bb","CRT-7","1","1","2","2","12072","14:40:40"
"RetrieveAndCompare","3325406994","5cc1f4d8ef7ba20017330c2a","CRT-7","1","2","1","1","71046","14:41:16"
"RetrieveAndCompare","439844155","598b453278c7d500012cc0bb","CRT-7","1","2","2","2","48915","14:41:31"
"RetrieveAndCompare","3325406994","5cc1f4d8ef7ba20017330c2a","CRT-7","1","3","2","2","16836","14:41:33"
"RetrieveAndCompare","439844155","598b453278c7d500012cc0bb","CRT-7","1","3","2","2","10393","14:41:40"
"RetrieveAndCompare","439844155","598b453278c7d500012cc0bb","CRT-7","1","4","2","2","23386","14:42:03"
"RetrieveAndCompare","439844155","598b453278c7d500012cc0bb","CRT-7","1","5","1","1","34506","14:42:38"
"RetrieveAndCompare","5257232058","5ccb0abaea39770017577b30","CRT-7","1","1","1","1","6694","14:42:41"
"RetrieveAndCompare","1131714999","5c6eed7954a5ae000164af9b","CRT-7","1","1","1","1","15080","14:42:48"
"RetrieveAndCompare","439844155","598b453278c7d500012cc0bb","CRT-7","1","6","1","1","11817","14:42:49"
"RetrieveAndCompare","5257232058","5ccb0abaea39770017577b30","CRT-7","1","2","1","1","10993","14:42:52"
"RetrieveAndCompare","5257232058","5ccb0abaea39770017577b30","CRT-7","1","3","1","1","5580","14:42:57"
"RetrieveAndCompare","3325406994","5cc1f4d8ef7ba20017330c2a","CRT-7","1","4","2","2","93484","14:43:06"
"RetrieveAndCompare","1131714999","5c6eed7954a5ae000164af9b","CRT-7","1","2","2","2","21773","14:43:10"
"RetrieveAndCompare","5257232058","5ccb0abaea39770017577b30","CRT-7","1","4","0","0","15093","14:43:12"
"RetrieveAndCompare","3325406994","5cc1f4d8ef7ba20017330c2a","CRT-7","1","5","1","1","7676","14:43:14"
"RetrieveAndCompare","5257232058","5ccb0abaea39770017577b30","CRT-7","1","5","2","2","5189","14:43:17"
"RetrieveAndCompare","1131714999","5c6eed7954a5ae000164af9b","CRT-7","1","3","2","2","10823","14:43:20"
"RetrieveAndCompare","439844155","598b453278c7d500012cc0bb","CRT-7","1","7","2","2","33780","14:43:23"
"RetrieveAndCompare","439844155","598b453278c7d500012cc0bb","SES-13_instruction","5","1","1","1","5556","14:43:29"
"RetrieveAndCompare","5257232058","5ccb0abaea39770017577b30","CRT-7","1","6","1","1","13251","14:43:31"
"RetrieveAndCompare","439844155","598b453278c7d500012cc0bb","SES-13","5","1","9","9","4783","14:43:34"
"RetrieveAndCompare","439844155","598b453278c7d500012cc0bb","SES-13","5","2","7","7","5362","14:43:39"
"RetrieveAndCompare","439844155","598b453278c7d500012cc0bb","SES-13","5","3","6","6","4516","14:43:43"
"RetrieveAndCompare","1131714999","5c6eed7954a5ae000164af9b","CRT-7","1","4","2","2","24783","14:43:45"
"RetrieveAndCompare","439844155","598b453278c7d500012cc0bb","SES-13","5","4","8","8","5275","14:43:49"
"RetrieveAndCompare","3325406994","5cc1f4d8ef7ba20017330c2a","CRT-7","1","6","0","0","35889","14:43:50"
"RetrieveAndCompare","439844155","598b453278c7d500012cc0bb","SES-13","5","5","1","1","4625","14:43:53"
"RetrieveAndCompare","5257232058","5ccb0abaea39770017577b30","CRT-7","1","7","2","2","25137","14:43:56"
"RetrieveAndCompare","5257232058","5ccb0abaea39770017577b30","SES-13_instruction","5","1","1","1","4495","14:44:00"
"RetrieveAndCompare","1131714999","5c6eed7954a5ae000164af9b","CRT-7","1","5","2","2","15615","14:44:01"
"RetrieveAndCompare","439844155","598b453278c7d500012cc0bb","SES-13","5","6","5","5","7423","14:44:01"
"RetrieveAndCompare","5257232058","5ccb0abaea39770017577b30","SES-13","5","1","1","1","4875","14:44:05"
"RetrieveAndCompare","439844155","598b453278c7d500012cc0bb","SES-13","5","7","3","3","7336","14:44:08"
"RetrieveAndCompare","5257232058","5ccb0abaea39770017577b30","SES-13","5","2","1","1","3357","14:44:09"
"RetrieveAndCompare","5257232058","5ccb0abaea39770017577b30","SES-13","5","3","1","1","5041","14:44:14"
"RetrieveAndCompare","439844155","598b453278c7d500012cc0bb","SES-13","5","8","5","5","8899","14:44:17"
"RetrieveAndCompare","5257232058","5ccb0abaea39770017577b30","SES-13","5","4","1","1","3897","14:44:18"
"RetrieveAndCompare","5257232058","5ccb0abaea39770017577b30","SES-13","5","5","1","1","3198","14:44:21"
"RetrieveAndCompare","439844155","598b453278c7d500012cc0bb","SES-13","5","9","3","3","4351","14:44:21"
"RetrieveAndCompare","5257232058","5ccb0abaea39770017577b30","SES-13","5","6","1","1","3463","14:44:24"
"RetrieveAndCompare","3325406994","5cc1f4d8ef7ba20017330c2a","CRT-7","1","7","1","1","36852","14:44:27"
"RetrieveAndCompare","439844155","598b453278c7d500012cc0bb","SES-13","5","10","7","7","5123","14:44:27"
"RetrieveAndCompare","5257232058","5ccb0abaea39770017577b30","SES-13","5","7","9","9","4487","14:44:29"
"RetrieveAndCompare","439844155","598b453278c7d500012cc0bb","SES-13","5","11","3","3","5052","14:44:32"
"RetrieveAndCompare","5257232058","5ccb0abaea39770017577b30","SES-13","5","8","5","5","4412","14:44:33"
"RetrieveAndCompare","3325406994","5cc1f4d8ef7ba20017330c2a","SES-13_instruction","5","1","1","1","7961","14:44:34"
"RetrieveAndCompare","5257232058","5ccb0abaea39770017577b30","SES-13","5","9","5","5","2909","14:44:36"
"RetrieveAndCompare","439844155","598b453278c7d500012cc0bb","SES-13","5","12","2","2","5573","14:44:37"
"RetrieveAndCompare","1131714999","5c6eed7954a5ae000164af9b","CRT-7","1","6","2","2","36630","14:44:37"
"RetrieveAndCompare","5257232058","5ccb0abaea39770017577b30","SES-13","5","10","9","9","2414","14:44:38"
"RetrieveAndCompare","5257232058","5ccb0abaea39770017577b30","SES-13","5","11","9","9","2963","14:44:41"
"RetrieveAndCompare","3325406994","5cc1f4d8ef7ba20017330c2a","SES-13","5","1","3","3","8055","14:44:43"
"RetrieveAndCompare","5257232058","5ccb0abaea39770017577b30","SES-13","5","12","9","9","3477","14:44:45"
"RetrieveAndCompare","439844155","598b453278c7d500012cc0bb","SES-13","5","13","7","7","9373","14:44:47"
"RetrieveAndCompare","3325406994","5cc1f4d8ef7ba20017330c2a","SES-13","5","2","2","2","4125","14:44:47"
"RetrieveAndCompare","3325406994","5cc1f4d8ef7ba20017330c2a","SES-13","5","3","2","2","4867","14:44:52"
"RetrieveAndCompare","3325406994","5cc1f4d8ef7ba20017330c2a","SES-13","5","4","2","2","4155","14:44:56"
"RetrieveAndCompare","5257232058","5ccb0abaea39770017577b30","SES-13","5","13","5","5","12384","14:44:57"
"RetrieveAndCompare","3325406994","5cc1f4d8ef7ba20017330c2a","SES-13","5","5","1","1","3618","14:44:59"
"RetrieveAndCompare","3325406994","5cc1f4d8ef7ba20017330c2a","SES-13","5","6","2","2","7656","14:45:07"
"RetrieveAndCompare","3325406994","5cc1f4d8ef7ba20017330c2a","SES-13","5","7","3","3","4715","14:45:12"
"RetrieveAndCompare","3325406994","5cc1f4d8ef7ba20017330c2a","SES-13","5","8","3","3","3842","14:45:16"
"RetrieveAndCompare","3325406994","5cc1f4d8ef7ba20017330c2a","SES-13","5","9","2","2","5061","14:45:21"
"RetrieveAndCompare","3325406994","5cc1f4d8ef7ba20017330c2a","SES-13","5","10","3","3","5236","14:45:26"
"RetrieveAndCompare","3325406994","5cc1f4d8ef7ba20017330c2a","SES-13","5","11","2","2","4207","14:45:30"
"RetrieveAndCompare","3325406994","5cc1f4d8ef7ba20017330c2a","SES-13","5","12","4","4","3535","14:45:34"
"RetrieveAndCompare","3325406994","5cc1f4d8ef7ba20017330c2a","SES-13","5","13","5","5","9321","14:45:43"
"RetrieveAndCompare","1131714999","5c6eed7954a5ae000164af9b","CRT-7","1","7","2","2","84200","14:46:02"
"RetrieveAndCompare","1131714999","5c6eed7954a5ae000164af9b","SES-13_instruction","5","1","1","1","7046","14:46:09"
"RetrieveAndCompare","1131714999","5c6eed7954a5ae000164af9b","SES-13","5","1","1","1","6790","14:46:15"
"RetrieveAndCompare","1131714999","5c6eed7954a5ae000164af9b","SES-13","5","2","1","1","7055","14:46:23"
"RetrieveAndCompare","1131714999","5c6eed7954a5ae000164af9b","SES-13","5","3","1","1","5454","14:46:28"
"RetrieveAndCompare","1131714999","5c6eed7954a5ae000164af9b","SES-13","5","4","1","1","5534","14:46:33"
"RetrieveAndCompare","1131714999","5c6eed7954a5ae000164af9b","SES-13","5","5","1","1","5535","14:46:39"
"RetrieveAndCompare","7734002049","5d61b8b81d7a3e0001d6ac57","CRT-7","1","1","1","1","12441","14:46:40"
"RetrieveAndCompare","1131714999","5c6eed7954a5ae000164af9b","SES-13","5","6","1","1","9768","14:46:49"
"RetrieveAndCompare","7734002049","5d61b8b81d7a3e0001d6ac57","CRT-7","1","2","0","0","10506","14:46:51"
"RetrieveAndCompare","1131714999","5c6eed7954a5ae000164af9b","SES-13","5","7","9","9","4854","14:46:54"
"RetrieveAndCompare","1131714999","5c6eed7954a5ae000164af9b","SES-13","5","8","9","9","3742","14:46:57"
"RetrieveAndCompare","1131714999","5c6eed7954a5ae000164af9b","SES-13","5","9","5","5","5278","14:47:03"
"RetrieveAndCompare","1131714999","5c6eed7954a5ae000164af9b","SES-13","5","10","9","9","4431","14:47:07"
"RetrieveAndCompare","1131714999","5c6eed7954a5ae000164af9b","SES-13","5","11","9","9","2750","14:47:10"
"RetrieveAndCompare","1131714999","5c6eed7954a5ae000164af9b","SES-13","5","12","9","9","3454","14:47:13"
"RetrieveAndCompare","1131714999","5c6eed7954a5ae000164af9b","SES-13","5","13","8","8","12982","14:47:26"
"RetrieveAndCompare","7734002049","5d61b8b81d7a3e0001d6ac57","CRT-7","1","3","1","1","53505","14:47:44"
"RetrieveAndCompare","7734002049","5d61b8b81d7a3e0001d6ac57","CRT-7","1","4","1","1","23829","14:48:08"
"RetrieveAndCompare","7734002049","5d61b8b81d7a3e0001d6ac57","CRT-7","1","5","1","1","6660","14:48:15"
"RetrieveAndCompare","7734002049","5d61b8b81d7a3e0001d6ac57","CRT-7","1","6","1","1","49611","14:49:05"
"RetrieveAndCompare","1625225209","5c2f75c660ccf00001123c6f","CRT-7","1","1","2","2","30287","14:49:37"
"RetrieveAndCompare","7734002049","5d61b8b81d7a3e0001d6ac57","CRT-7","1","7","2","2","53676","14:49:58"
"RetrieveAndCompare","1625225209","5c2f75c660ccf00001123c6f","CRT-7","1","2","2","2","25688","14:50:03"
"RetrieveAndCompare","7734002049","5d61b8b81d7a3e0001d6ac57","SES-13_instruction","5","1","1","1","6668","14:50:05"
"RetrieveAndCompare","9943429606","5d7223f5e0c76e0018132730","CRT-7","1","1","1","1","8909","14:50:09"
"RetrieveAndCompare","7734002049","5d61b8b81d7a3e0001d6ac57","SES-13","5","1","5","5","8085","14:50:13"
"RetrieveAndCompare","1625225209","5c2f75c660ccf00001123c6f","CRT-7","1","3","2","2","15310","14:50:18"
"RetrieveAndCompare","7734002049","5d61b8b81d7a3e0001d6ac57","SES-13","5","2","5","5","5517","14:50:19"
"RetrieveAndCompare","7734002049","5d61b8b81d7a3e0001d6ac57","SES-13","5","3","5","5","7482","14:50:26"
"RetrieveAndCompare","3931951316","5d6a509de2e3c900189b2805","CRT-7","1","1","1","1","33738","14:50:29"
"RetrieveAndCompare","7734002049","5d61b8b81d7a3e0001d6ac57","SES-13","5","4","6","6","6036","14:50:32"
"RetrieveAndCompare","7734002049","5d61b8b81d7a3e0001d6ac57","SES-13","5","5","5","5","5748","14:50:38"
"RetrieveAndCompare","7734002049","5d61b8b81d7a3e0001d6ac57","SES-13","5","6","4","4","10238","14:50:48"
"RetrieveAndCompare","3931951316","5d6a509de2e3c900189b2805","CRT-7","1","2","1","1","21398","14:50:51"
"RetrieveAndCompare","3961533162","5cf000a45ee75700181cb478","CRT-7","1","1","1","1","26283","14:50:52"
"RetrieveAndCompare","7734002049","5d61b8b81d7a3e0001d6ac57","SES-13","5","7","3","3","5058","14:50:53"
"RetrieveAndCompare","7734002049","5d61b8b81d7a3e0001d6ac57","SES-13","5","8","3","3","3962","14:50:57"
"RetrieveAndCompare","1625225209","5c2f75c660ccf00001123c6f","CRT-7","1","4","2","2","42091","14:51:00"
"RetrieveAndCompare","7734002049","5d61b8b81d7a3e0001d6ac57","SES-13","5","9","3","3","4408","14:51:01"
"RetrieveAndCompare","7734002049","5d61b8b81d7a3e0001d6ac57","SES-13","5","10","4","4","6328","14:51:08"
"RetrieveAndCompare","7734002049","5d61b8b81d7a3e0001d6ac57","SES-13","5","11","3","3","3527","14:51:11"
"RetrieveAndCompare","7734002049","5d61b8b81d7a3e0001d6ac57","SES-13","5","12","3","3","3401","14:51:15"
"RetrieveAndCompare","3931951316","5d6a509de2e3c900189b2805","CRT-7","1","3","0","0","31158","14:51:22"
"RetrieveAndCompare","1625225209","5c2f75c660ccf00001123c6f","CRT-7","1","5","2","2","22832","14:51:23"
"RetrieveAndCompare","3961533162","5cf000a45ee75700181cb478","CRT-7","1","2","0","0","31447","14:51:24"
"RetrieveAndCompare","7734002049","5d61b8b81d7a3e0001d6ac57","SES-13","5","13","3","3","10548","14:51:25"
"RetrieveAndCompare","3961533162","5cf000a45ee75700181cb478","CRT-7","1","3","1","1","13613","14:51:37"
"RetrieveAndCompare","1625225209","5c2f75c660ccf00001123c6f","CRT-7","1","6","1","1","18922","14:51:42"
"RetrieveAndCompare","2425314803","5d724507f1b44b001a5cd612","CRT-7","1","1","2","2","44164","14:51:45"
"RetrieveAndCompare","3961533162","5cf000a45ee75700181cb478","CRT-7","1","4","1","1","11572","14:51:49"
"RetrieveAndCompare","9943429606","5d7223f5e0c76e0018132730","CRT-7","1","2","2","2","109359","14:51:58"
"RetrieveAndCompare","1625225209","5c2f75c660ccf00001123c6f","CRT-7","1","7","1","1","23961","14:52:06"
"RetrieveAndCompare","3931951316","5d6a509de2e3c900189b2805","CRT-7","1","4","0","0","44725","14:52:07"
"RetrieveAndCompare","3931951316","5d6a509de2e3c900189b2805","CRT-7","1","5","2","2","9659","14:52:16"
"RetrieveAndCompare","3961533162","5cf000a45ee75700181cb478","CRT-7","1","5","1","1","28058","14:52:17"
"RetrieveAndCompare","1625225209","5c2f75c660ccf00001123c6f","SES-13_instruction","5","1","1","1","11289","14:52:17"
"RetrieveAndCompare","1625225209","5c2f75c660ccf00001123c6f","SES-13","5","1","1","1","13097","14:52:30"
"RetrieveAndCompare","9943429606","5d7223f5e0c76e0018132730","CRT-7","1","3","2","2","39500","14:52:38"
"RetrieveAndCompare","3961533162","5cf000a45ee75700181cb478","CRT-7","1","6","2","2","22861","14:52:40"
"RetrieveAndCompare","2425314803","5d724507f1b44b001a5cd612","CRT-7","1","2","0","0","54936","14:52:40"
"RetrieveAndCompare","1625225209","5c2f75c660ccf00001123c6f","SES-13","5","2","2","2","10722","14:52:41"
"RetrieveAndCompare","1625225209","5c2f75c660ccf00001123c6f","SES-13","5","3","1","1","10109","14:52:51"
"RetrieveAndCompare","1625225209","5c2f75c660ccf00001123c6f","SES-13","5","4","2","2","8532","14:52:59"
"RetrieveAndCompare","9943429606","5d7223f5e0c76e0018132730","CRT-7","1","4","1","1","27256","14:53:05"
"RetrieveAndCompare","302662617","Ana Alberto","CRT-7","1","1","2","2","50977","14:53:08"
"RetrieveAndCompare","3931951316","5d6a509de2e3c900189b2805","CRT-7","1","6","1","1","56662","14:53:13"
"RetrieveAndCompare","2964956994","5d7145d8bd3e8d001972f024","CRT-7","1","1","1","1","12074","14:53:21"
"RetrieveAndCompare","1625225209","5c2f75c660ccf00001123c6f","SES-13","5","5","1","1","22595","14:53:22"
"RetrieveAndCompare","3961533162","5cf000a45ee75700181cb478","CRT-7","1","7","0","0","44494","14:53:24"
"RetrieveAndCompare","3961533162","5cf000a45ee75700181cb478","SES-13_instruction","5","1","1","1","6731","14:53:31"
"RetrieveAndCompare","2425314803","5d724507f1b44b001a5cd612","CRT-7","1","3","0","0","51649","14:53:31"
"RetrieveAndCompare","9943429606","5d7223f5e0c76e0018132730","CRT-7","1","5","1","1","28298","14:53:33"
"RetrieveAndCompare","302662617","Ana Alberto","CRT-7","1","2","2","2","38802","14:53:45"
"RetrieveAndCompare","3961533162","5cf000a45ee75700181cb478","SES-13","5","1","6","6","19902","14:53:51"
"RetrieveAndCompare","2964956994","5d7145d8bd3e8d001972f024","CRT-7","1","2","0","0","32994","14:53:54"
"RetrieveAndCompare","9943429606","5d7223f5e0c76e0018132730","CRT-7","1","6","1","1","22371","14:53:56"
"RetrieveAndCompare","3931951316","5d6a509de2e3c900189b2805","CRT-7","1","7","2","2","50313","14:54:03"
"RetrieveAndCompare","3961533162","5cf000a45ee75700181cb478","SES-13","5","2","2","2","13529","14:54:04"
"RetrieveAndCompare","3931951316","5d6a509de2e3c900189b2805","SES-13_instruction","5","1","1","1","5240","14:54:09"
"RetrieveAndCompare","2964956994","5d7145d8bd3e8d001972f024","CRT-7","1","3","1","1","15818","14:54:10"
"RetrieveAndCompare","3931951316","5d6a509de2e3c900189b2805","SES-13","5","1","4","4","6381","14:54:15"
"RetrieveAndCompare","302662617","Ana Alberto","CRT-7","1","3","2","2","29718","14:54:15"
"RetrieveAndCompare","3961533162","5cf000a45ee75700181cb478","SES-13","5","3","4","4","14777","14:54:19"
"RetrieveAndCompare","3931951316","5d6a509de2e3c900189b2805","SES-13","5","2","8","8","5212","14:54:20"
"RetrieveAndCompare","3931951316","5d6a509de2e3c900189b2805","SES-13","5","3","6","6","4916","14:54:25"
"RetrieveAndCompare","2964956994","5d7145d8bd3e8d001972f024","CRT-7","1","4","1","1","16214","14:54:26"
"RetrieveAndCompare","5892663734","5d7243fef602b6001997d5d9","CRT-7","1","1","1","1","10233","14:54:28"
"RetrieveAndCompare","3931951316","5d6a509de2e3c900189b2805","SES-13","5","4","4","4","3921","14:54:29"
"RetrieveAndCompare","1625225209","5c2f75c660ccf00001123c6f","SES-13","5","6","1","1","68737","14:54:31"
"RetrieveAndCompare","3931951316","5d6a509de2e3c900189b2805","SES-13","5","5","1","1","5171","14:54:34"
"RetrieveAndCompare","2964956994","5d7145d8bd3e8d001972f024","CRT-7","1","5","1","1","10678","14:54:37"
"RetrieveAndCompare","3931951316","5d6a509de2e3c900189b2805","SES-13","5","6","5","5","6603","14:54:41"
"RetrieveAndCompare","9943429606","5d7223f5e0c76e0018132730","CRT-7","1","7","2","2","45729","14:54:41"
"RetrieveAndCompare","1625225209","5c2f75c660ccf00001123c6f","SES-13","5","7","7","7","10372","14:54:41"
"RetrieveAndCompare","3931951316","5d6a509de2e3c900189b2805","SES-13","5","7","4","4","5594","14:54:46"
"RetrieveAndCompare","9943429606","5d7223f5e0c76e0018132730","SES-13_instruction","5","1","1","1","6523","14:54:48"
"RetrieveAndCompare","3931951316","5d6a509de2e3c900189b2805","SES-13","5","8","3","3","3991","14:54:50"
"RetrieveAndCompare","1625225209","5c2f75c660ccf00001123c6f","SES-13","5","8","7","7","10435","14:54:52"
"RetrieveAndCompare","9943429606","5d7223f5e0c76e0018132730","SES-13","5","1","9","9","5394","14:54:53"
"RetrieveAndCompare","3931951316","5d6a509de2e3c900189b2805","SES-13","5","9","3","3","3536","14:54:54"
"RetrieveAndCompare","3961533162","5cf000a45ee75700181cb478","SES-13","5","4","6","6","34939","14:54:54"
"RetrieveAndCompare","3931951316","5d6a509de2e3c900189b2805","SES-13","5","10","3","3","2910","14:54:57"
"RetrieveAndCompare","9943429606","5d7223f5e0c76e0018132730","SES-13","5","2","9","9","3716","14:54:57"
"RetrieveAndCompare","1625225209","5c2f75c660ccf00001123c6f","SES-13","5","9","5","5","6462","14:54:58"
"RetrieveAndCompare","3931951316","5d6a509de2e3c900189b2805","SES-13","5","11","3","3","2580","14:54:59"
"RetrieveAndCompare","2425314803","5d724507f1b44b001a5cd612","CRT-7","1","4","2","2","88820","14:55:00"
"RetrieveAndCompare","3961533162","5cf000a45ee75700181cb478","SES-13","5","5","1","1","6289","14:55:00"
"RetrieveAndCompare","9943429606","5d7223f5e0c76e0018132730","SES-13","5","3","4","4","5248","14:55:02"
"RetrieveAndCompare","3931951316","5d6a509de2e3c900189b2805","SES-13","5","12","4","4","3184","14:55:03"
"RetrieveAndCompare","9943429606","5d7223f5e0c76e0018132730","SES-13","5","4","9","9","3073","14:55:05"
"RetrieveAndCompare","1625225209","5c2f75c660ccf00001123c6f","SES-13","5","10","7","7","9260","14:55:07"
"RetrieveAndCompare","9943429606","5d7223f5e0c76e0018132730","SES-13","5","5","6","6","4655","14:55:10"
"RetrieveAndCompare","302662617","Ana Alberto","CRT-7","1","4","2","2","55194","14:55:10"
"RetrieveAndCompare","3931951316","5d6a509de2e3c900189b2805","SES-13","5","13","5","5","9473","14:55:12"
"RetrieveAndCompare","3961533162","5cf000a45ee75700181cb478","SES-13","5","6","1","1","12410","14:55:13"
"RetrieveAndCompare","1625225209","5c2f75c660ccf00001123c6f","SES-13","5","11","7","7","5968","14:55:13"
"RetrieveAndCompare","5892663734","5d7243fef602b6001997d5d9","CRT-7","1","2","1","1","46979","14:55:15"
"RetrieveAndCompare","9943429606","5d7223f5e0c76e0018132730","SES-13","5","6","9","9","5858","14:55:16"
"RetrieveAndCompare","1625225209","5c2f75c660ccf00001123c6f","SES-13","5","12","7","7","5958","14:55:19"
"RetrieveAndCompare","9943429606","5d7223f5e0c76e0018132730","SES-13","5","7","1","1","4308","14:55:20"
"RetrieveAndCompare","2425314803","5d724507f1b44b001a5cd612","CRT-7","1","5","0","0","19729","14:55:20"
"RetrieveAndCompare","2964956994","5d7145d8bd3e8d001972f024","CRT-7","1","6","2","2","44959","14:55:22"
"RetrieveAndCompare","9943429606","5d7223f5e0c76e0018132730","SES-13","5","8","1","1","3446","14:55:24"
"RetrieveAndCompare","9943429606","5d7223f5e0c76e0018132730","SES-13","5","9","1","1","2782","14:55:26"
"RetrieveAndCompare","302662617","Ana Alberto","CRT-7","1","5","2","2","19382","14:55:29"
"RetrieveAndCompare","9943429606","5d7223f5e0c76e0018132730","SES-13","5","10","8","8","3150","14:55:29"
"RetrieveAndCompare","9943429606","5d7223f5e0c76e0018132730","SES-13","5","11","8","8","2685","14:55:32"
"RetrieveAndCompare","1625225209","5c2f75c660ccf00001123c6f","SES-13","5","13","6","6","14987","14:55:34"
"RetrieveAndCompare","9943429606","5d7223f5e0c76e0018132730","SES-13","5","12","8","8","2470","14:55:35"
"RetrieveAndCompare","9943429606","5d7223f5e0c76e0018132730","SES-13","5","13","6","6","7195","14:55:42"
"RetrieveAndCompare","302662617","Ana Alberto","CRT-7","1","6","2","2","30292","14:56:00"
"RetrieveAndCompare","5892663734","5d7243fef602b6001997d5d9","CRT-7","1","3","1","1","46398","14:56:01"
"RetrieveAndCompare","2964956994","5d7145d8bd3e8d001972f024","CRT-7","1","7","0","0","51378","14:56:13"
"RetrieveAndCompare","2964956994","5d7145d8bd3e8d001972f024","SES-13_instruction","5","1","1","1","8948","14:56:22"
"RetrieveAndCompare","2425314803","5d724507f1b44b001a5cd612","CRT-7","1","6","0","0","64118","14:56:24"
"RetrieveAndCompare","3961533162","5cf000a45ee75700181cb478","SES-13","5","7","1","1","71769","14:56:25"
"RetrieveAndCompare","5892663734","5d7243fef602b6001997d5d9","CRT-7","1","4","1","1","29607","14:56:31"
"RetrieveAndCompare","2964956994","5d7145d8bd3e8d001972f024","SES-13","5","1","6","6","12977","14:56:35"
"RetrieveAndCompare","2964956994","5d7145d8bd3e8d001972f024","SES-13","5","2","7","7","8845","14:56:44"
"RetrieveAndCompare","2425314803","5d724507f1b44b001a5cd612","CRT-7","1","7","0","0","28214","14:56:52"
"RetrieveAndCompare","2964956994","5d7145d8bd3e8d001972f024","SES-13","5","3","2","2","9757","14:56:54"
"RetrieveAndCompare","5892663734","5d7243fef602b6001997d5d9","CRT-7","1","5","0","0","25606","14:56:57"
"RetrieveAndCompare","302662617","Ana Alberto","CRT-7","1","7","1","1","57000","14:56:57"
"RetrieveAndCompare","2425314803","5d724507f1b44b001a5cd612","SES-13_instruction","5","1","1","1","7414","14:57:00"
"RetrieveAndCompare","2964956994","5d7145d8bd3e8d001972f024","SES-13","5","4","7","7","10195","14:57:04"
"RetrieveAndCompare","302662617","Ana Alberto","SES-13_instruction","5","1","1","1","10323","14:57:07"
"RetrieveAndCompare","302662617","Ana Alberto","SES-13","5","1","3","3","7067","14:57:14"
"RetrieveAndCompare","2425314803","5d724507f1b44b001a5cd612","SES-13","5","1","5","5","14564","14:57:14"
"RetrieveAndCompare","2964956994","5d7145d8bd3e8d001972f024","SES-13","5","5","8","8","10633","14:57:15"
"RetrieveAndCompare","302662617","Ana Alberto","SES-13","5","2","1","1","6734","14:57:21"
"RetrieveAndCompare","2964956994","5d7145d8bd3e8d001972f024","SES-13","5","6","2","2","9937","14:57:24"
"RetrieveAndCompare","2425314803","5d724507f1b44b001a5cd612","SES-13","5","2","2","2","11331","14:57:26"
"RetrieveAndCompare","302662617","Ana Alberto","SES-13","5","3","1","1","5107","14:57:26"
"RetrieveAndCompare","302662617","Ana Alberto","SES-13","5","4","1","1","4709","14:57:31"
"RetrieveAndCompare","2964956994","5d7145d8bd3e8d001972f024","SES-13","5","7","2","2","6974","14:57:32"
"RetrieveAndCompare","2425314803","5d724507f1b44b001a5cd612","SES-13","5","3","1","1","8012","14:57:34"
"RetrieveAndCompare","302662617","Ana Alberto","SES-13","5","5","1","1","4972","14:57:36"
"RetrieveAndCompare","2425314803","5d724507f1b44b001a5cd612","SES-13","5","4","3","3","6436","14:57:40"
"RetrieveAndCompare","302662617","Ana Alberto","SES-13","5","6","1","1","7193","14:57:43"
"RetrieveAndCompare","2964956994","5d7145d8bd3e8d001972f024","SES-13","5","8","3","3","14086","14:57:46"
"RetrieveAndCompare","5892663734","5d7243fef602b6001997d5d9","CRT-7","1","6","0","0","50258","14:57:47"
"RetrieveAndCompare","2425314803","5d724507f1b44b001a5cd612","SES-13","5","5","1","1","7007","14:57:47"
"RetrieveAndCompare","302662617","Ana Alberto","SES-13","5","7","9","9","8341","14:57:51"
"RetrieveAndCompare","2964956994","5d7145d8bd3e8d001972f024","SES-13","5","9","2","2","5931","14:57:51"
"RetrieveAndCompare","2425314803","5d724507f1b44b001a5cd612","SES-13","5","6","1","1","7451","14:57:55"
"RetrieveAndCompare","302662617","Ana Alberto","SES-13","5","8","9","9","6601","14:57:58"
"RetrieveAndCompare","2964956994","5d7145d8bd3e8d001972f024","SES-13","5","10","7","7","6995","14:57:58"
"RetrieveAndCompare","5892663734","5d7243fef602b6001997d5d9","CRT-7","1","7","1","1","13138","14:58:00"
"RetrieveAndCompare","2425314803","5d724507f1b44b001a5cd612","SES-13","5","7","7","7","6728","14:58:01"
"RetrieveAndCompare","2964956994","5d7145d8bd3e8d001972f024","SES-13","5","11","4","4","5040","14:58:04"
"RetrieveAndCompare","3961533162","5cf000a45ee75700181cb478","SES-13","5","8","3","3","99596","14:58:04"
"RetrieveAndCompare","2425314803","5d724507f1b44b001a5cd612","SES-13","5","8","7","7","5833","14:58:07"
"RetrieveAndCompare","5892663734","5d7243fef602b6001997d5d9","SES-13_instruction","5","1","1","1","7501","14:58:07"
"RetrieveAndCompare","302662617","Ana Alberto","SES-13","5","9","7","7","11998","14:58:10"
"RetrieveAndCompare","2964956994","5d7145d8bd3e8d001972f024","SES-13","5","12","1","1","7287","14:58:11"
"RetrieveAndCompare","5892663734","5d7243fef602b6001997d5d9","SES-13","5","1","2","2","7302","14:58:15"
"RetrieveAndCompare","302662617","Ana Alberto","SES-13","5","10","7","7","7201","14:58:17"
"RetrieveAndCompare","2425314803","5d724507f1b44b001a5cd612","SES-13","5","9","6","6","10909","14:58:18"
"RetrieveAndCompare","5892663734","5d7243fef602b6001997d5d9","SES-13","5","2","1","1","4875","14:58:20"
"RetrieveAndCompare","302662617","Ana Alberto","SES-13","5","11","7","7","5026","14:58:22"
"RetrieveAndCompare","2425314803","5d724507f1b44b001a5cd612","SES-13","5","10","8","8","5703","14:58:24"
"RetrieveAndCompare","5892663734","5d7243fef602b6001997d5d9","SES-13","5","3","9","9","4924","14:58:25"
"RetrieveAndCompare","2964956994","5d7145d8bd3e8d001972f024","SES-13","5","13","5","5","15319","14:58:26"
"RetrieveAndCompare","7253618055","5c6fdfeeb21f1500014f9e23","CRT-7","1","1","1","1","16562","14:58:27"
"RetrieveAndCompare","302662617","Ana Alberto","SES-13","5","12","6","6","5090","14:58:27"
"RetrieveAndCompare","3961533162","5cf000a45ee75700181cb478","SES-13","5","9","6","6","25719","14:58:30"
"RetrieveAndCompare","2425314803","5d724507f1b44b001a5cd612","SES-13","5","11","7","7","7990","14:58:32"
"RetrieveAndCompare","5892663734","5d7243fef602b6001997d5d9","SES-13","5","4","2","2","7200","14:58:32"
"RetrieveAndCompare","5892663734","5d7243fef602b6001997d5d9","SES-13","5","5","1","1","3993","14:58:36"
"RetrieveAndCompare","5994979349","5c388dd8fa11e9000157c383","CRT-7","1","1","0","0","97845","14:58:36"
"RetrieveAndCompare","2425314803","5d724507f1b44b001a5cd612","SES-13","5","12","6","6","8270","14:58:40"
"RetrieveAndCompare","302662617","Ana Alberto","SES-13","5","13","7","7","13768","14:58:41"
"RetrieveAndCompare","7253618055","5c6fdfeeb21f1500014f9e23","CRT-7","1","2","1","1","14272","14:58:41"
"RetrieveAndCompare","5892663734","5d7243fef602b6001997d5d9","SES-13","5","6","1","1","5740","14:58:42"
"RetrieveAndCompare","5892663734","5d7243fef602b6001997d5d9","SES-13","5","7","6","6","6133","14:58:48"
"RetrieveAndCompare","5892663734","5d7243fef602b6001997d5d9","SES-13","5","8","3","3","5627","14:58:53"
"RetrieveAndCompare","5994979349","5c388dd8fa11e9000157c383","CRT-7","1","2","2","2","18006","14:58:54"
"RetrieveAndCompare","2425314803","5d724507f1b44b001a5cd612","SES-13","5","13","7","7","14867","14:58:55"
"RetrieveAndCompare","5892663734","5d7243fef602b6001997d5d9","SES-13","5","9","4","4","3668","14:58:57"
"RetrieveAndCompare","5892663734","5d7243fef602b6001997d5d9","SES-13","5","10","5","5","4539","14:59:01"
"RetrieveAndCompare","7253618055","5c6fdfeeb21f1500014f9e23","CRT-7","1","3","1","1","23097","14:59:04"
"RetrieveAndCompare","5892663734","5d7243fef602b6001997d5d9","SES-13","5","11","3","3","3227","14:59:05"
"RetrieveAndCompare","5892663734","5d7243fef602b6001997d5d9","SES-13","5","12","2","2","3706","14:59:08"
"RetrieveAndCompare","3961533162","5cf000a45ee75700181cb478","SES-13","5","10","6","6","40250","14:59:10"
"RetrieveAndCompare","5994979349","5c388dd8fa11e9000157c383","CRT-7","1","3","2","2","18058","14:59:12"
"RetrieveAndCompare","5892663734","5d7243fef602b6001997d5d9","SES-13","5","13","6","6","7408","14:59:16"
"RetrieveAndCompare","3961533162","5cf000a45ee75700181cb478","SES-13","5","11","6","6","20847","14:59:31"
"RetrieveAndCompare","3961533162","5cf000a45ee75700181cb478","SES-13","5","12","4","4","6216","14:59:37"
"RetrieveAndCompare","7253618055","5c6fdfeeb21f1500014f9e23","CRT-7","1","4","1","1","37454","14:59:42"
"RetrieveAndCompare","7253618055","5c6fdfeeb21f1500014f9e23","CRT-7","1","5","0","0","20304","15:00:02"
"RetrieveAndCompare","3961533162","5cf000a45ee75700181cb478","SES-13","5","13","9","9","31862","15:00:09"
"RetrieveAndCompare","5994979349","5c388dd8fa11e9000157c383","CRT-7","1","4","2","2","61494","15:00:14"
"RetrieveAndCompare","5994979349","5c388dd8fa11e9000157c383","CRT-7","1","5","0","0","20449","15:00:34"
"RetrieveAndCompare","5994979349","5c388dd8fa11e9000157c383","CRT-7","1","6","2","2","21402","15:00:55"
"RetrieveAndCompare","7253618055","5c6fdfeeb21f1500014f9e23","CRT-7","1","6","2","2","77625","15:01:20"
"RetrieveAndCompare","5994979349","5c388dd8fa11e9000157c383","CRT-7","1","7","2","2","96688","15:02:32"
"RetrieveAndCompare","5994979349","5c388dd8fa11e9000157c383","SES-13_instruction","5","1","1","1","9130","15:02:41"
"RetrieveAndCompare","5994979349","5c388dd8fa11e9000157c383","SES-13","5","1","3","3","5943","15:02:47"
"RetrieveAndCompare","1386068581","5d6e7dad5483b9001623bf7d","CRT-7","1","1","2","2","59802","15:02:48"
"RetrieveAndCompare","3552414527","5d277538379e51000149184d","CRT-7","1","1","2","2","33324","15:02:54"
"RetrieveAndCompare","5994979349","5c388dd8fa11e9000157c383","SES-13","5","2","1","1","7651","15:02:55"
"RetrieveAndCompare","5994979349","5c388dd8fa11e9000157c383","SES-13","5","3","1","1","5698","15:03:00"
"RetrieveAndCompare","5994979349","5c388dd8fa11e9000157c383","SES-13","5","4","1","1","5137","15:03:06"
"RetrieveAndCompare","5994979349","5c388dd8fa11e9000157c383","SES-13","5","5","1","1","6550","15:03:12"
"RetrieveAndCompare","1386068581","5d6e7dad5483b9001623bf7d","CRT-7","1","2","2","2","27499","15:03:15"
"RetrieveAndCompare","5994979349","5c388dd8fa11e9000157c383","SES-13","5","6","1","1","11080","15:03:23"
"RetrieveAndCompare","1386068581","5d6e7dad5483b9001623bf7d","CRT-7","1","3","2","2","11660","15:03:27"
"RetrieveAndCompare","5994979349","5c388dd8fa11e9000157c383","SES-13","5","7","7","7","10561","15:03:34"
"RetrieveAndCompare","5994979349","5c388dd8fa11e9000157c383","SES-13","5","8","5","5","5185","15:03:39"
"RetrieveAndCompare","5994979349","5c388dd8fa11e9000157c383","SES-13","5","9","5","5","5318","15:03:44"
"RetrieveAndCompare","5994979349","5c388dd8fa11e9000157c383","SES-13","5","10","5","5","6009","15:03:50"
"RetrieveAndCompare","5994979349","5c388dd8fa11e9000157c383","SES-13","5","11","2","2","4345","15:03:55"
"RetrieveAndCompare","5994979349","5c388dd8fa11e9000157c383","SES-13","5","12","1","1","6221","15:04:01"
"RetrieveAndCompare","5994979349","5c388dd8fa11e9000157c383","SES-13","5","13","7","7","19007","15:04:20"
"RetrieveAndCompare","7253618055","5c6fdfeeb21f1500014f9e23","CRT-7","1","7","0","0","193722","15:04:34"
"RetrieveAndCompare","1386068581","5d6e7dad5483b9001623bf7d","CRT-7","1","4","2","2","75687","15:04:42"
"RetrieveAndCompare","7253618055","5c6fdfeeb21f1500014f9e23","SES-13_instruction","5","1","1","1","9782","15:04:43"
"RetrieveAndCompare","7253618055","5c6fdfeeb21f1500014f9e23","SES-13","5","1","1","1","13528","15:04:57"
"RetrieveAndCompare","7253618055","5c6fdfeeb21f1500014f9e23","SES-13","5","2","2","2","10128","15:05:07"
"RetrieveAndCompare","7253618055","5c6fdfeeb21f1500014f9e23","SES-13","5","3","1","1","17165","15:05:24"
"RetrieveAndCompare","7253618055","5c6fdfeeb21f1500014f9e23","SES-13","5","4","6","6","9298","15:05:33"
"RetrieveAndCompare","7253618055","5c6fdfeeb21f1500014f9e23","SES-13","5","5","1","1","7566","15:05:41"
"RetrieveAndCompare","1386068581","5d6e7dad5483b9001623bf7d","CRT-7","1","5","2","2","66773","15:05:49"
"RetrieveAndCompare","7253618055","5c6fdfeeb21f1500014f9e23","SES-13","5","6","3","3","12720","15:05:54"
"RetrieveAndCompare","7253618055","5c6fdfeeb21f1500014f9e23","SES-13","5","7","7","7","10193","15:06:04"
"RetrieveAndCompare","7253618055","5c6fdfeeb21f1500014f9e23","SES-13","5","8","6","6","11126","15:06:15"
"RetrieveAndCompare","1386068581","5d6e7dad5483b9001623bf7d","CRT-7","1","6","2","2","31463","15:06:21"
"RetrieveAndCompare","7253618055","5c6fdfeeb21f1500014f9e23","SES-13","5","9","2","2","8091","15:06:23"
"RetrieveAndCompare","7253618055","5c6fdfeeb21f1500014f9e23","SES-13","5","10","8","8","5558","15:06:29"
"RetrieveAndCompare","7253618055","5c6fdfeeb21f1500014f9e23","SES-13","5","11","7","7","8930","15:06:38"
"RetrieveAndCompare","3552414527","5d277538379e51000149184d","CRT-7","1","2","2","2","228340","15:06:43"
"RetrieveAndCompare","7253618055","5c6fdfeeb21f1500014f9e23","SES-13","5","12","7","7","8380","15:06:46"
"RetrieveAndCompare","7253618055","5c6fdfeeb21f1500014f9e23","SES-13","5","13","6","6","20911","15:07:07"
"RetrieveAndCompare","1386068581","5d6e7dad5483b9001623bf7d","CRT-7","1","7","2","2","96408","15:07:57"
"RetrieveAndCompare","1386068581","5d6e7dad5483b9001623bf7d","SES-13_instruction","5","1","1","1","51872","15:08:49"
"RetrieveAndCompare","3552414527","5d277538379e51000149184d","CRT-7","1","3","2","2","128037","15:08:51"
"RetrieveAndCompare","1386068581","5d6e7dad5483b9001623bf7d","SES-13","5","1","3","3","10408","15:09:08"
"RetrieveAndCompare","1386068581","5d6e7dad5483b9001623bf7d","SES-13","5","2","5","5","9672","15:09:09"
"RetrieveAndCompare","1386068581","5d6e7dad5483b9001623bf7d","SES-13","5","3","2","2","13471","15:09:23"
"RetrieveAndCompare","1386068581","5d6e7dad5483b9001623bf7d","SES-13","5","4","2","2","9875","15:09:32"
"RetrieveAndCompare","1386068581","5d6e7dad5483b9001623bf7d","SES-13","5","5","1","1","6737","15:09:39"
"RetrieveAndCompare","1386068581","5d6e7dad5483b9001623bf7d","SES-13","5","6","2","2","12177","15:09:55"
"RetrieveAndCompare","3552414527","5d277538379e51000149184d","CRT-7","1","4","2","2","73965","15:10:05"
"RetrieveAndCompare","3552414527","5d277538379e51000149184d","CRT-7","1","5","2","2","12359","15:10:17"
"RetrieveAndCompare","3552414527","5d277538379e51000149184d","CRT-7","1","6","2","2","31476","15:10:49"
"RetrieveAndCompare","3552414527","5d277538379e51000149184d","CRT-7","1","7","2","2","56212","15:11:45"
"RetrieveAndCompare","3552414527","5d277538379e51000149184d","SES-13_instruction","5","1","1","1","8123","15:11:53"
"RetrieveAndCompare","3552414527","5d277538379e51000149184d","SES-13","5","1","6","6","5268","15:11:58"
"RetrieveAndCompare","3552414527","5d277538379e51000149184d","SES-13","5","2","1","1","4520","15:12:03"
"RetrieveAndCompare","3552414527","5d277538379e51000149184d","SES-13","5","3","6","6","4377","15:12:07"
"RetrieveAndCompare","3552414527","5d277538379e51000149184d","SES-13","5","4","6","6","12198","15:12:19"
"RetrieveAndCompare","3552414527","5d277538379e51000149184d","SES-13","5","5","1","1","6303","15:12:26"
"RetrieveAndCompare","3552414527","5d277538379e51000149184d","SES-13","5","6","1","1","4517","15:12:30"
"RetrieveAndCompare","3552414527","5d277538379e51000149184d","SES-13","5","7","9","9","4120","15:12:34"
"RetrieveAndCompare","3552414527","5d277538379e51000149184d","SES-13","5","8","8","8","4642","15:12:39"
"RetrieveAndCompare","3552414527","5d277538379e51000149184d","SES-13","5","9","5","5","6873","15:12:46"
"RetrieveAndCompare","3552414527","5d277538379e51000149184d","SES-13","5","10","6","6","6468","15:12:52"
"RetrieveAndCompare","3552414527","5d277538379e51000149184d","SES-13","5","11","4","4","4109","15:12:56"
"RetrieveAndCompare","3552414527","5d277538379e51000149184d","SES-13","5","12","2","2","3256","15:13:00"
"RetrieveAndCompare","3552414527","5d277538379e51000149184d","SES-13","5","13","6","6","12281","15:13:12"
"RetrieveAndCompare","1174795700","5d153acb33ac2f000170542a","CRT-7","1","1","1","1","29311","15:56:06"
"RetrieveAndCompare","1174795700","5d153acb33ac2f000170542a","CRT-7","1","2","1","1","13541","15:56:19"
"RetrieveAndCompare","1174795700","5d153acb33ac2f000170542a","CRT-7","1","3","0","0","11514","15:56:31"
"RetrieveAndCompare","1174795700","5d153acb33ac2f000170542a","CRT-7","1","4","0","0","2403","15:56:33"
"RetrieveAndCompare","1174795700","5d153acb33ac2f000170542a","CRT-7","1","5","2","2","1065","15:56:34"
"RetrieveAndCompare","1174795700","5d153acb33ac2f000170542a","CRT-7","1","6","0","0","954","15:56:35"
"RetrieveAndCompare","1174795700","5d153acb33ac2f000170542a","CRT-7","1","7","1","1","2090","15:56:37"
"RetrieveAndCompare","1174795700","5d153acb33ac2f000170542a","SES-13_instruction","5","1","1","1","4042","15:56:41"
"RetrieveAndCompare","1174795700","5d153acb33ac2f000170542a","SES-13","5","1","2","2","5632","15:56:47"
"RetrieveAndCompare","1174795700","5d153acb33ac2f000170542a","SES-13","5","2","7","7","4267","15:56:51"
"RetrieveAndCompare","1174795700","5d153acb33ac2f000170542a","SES-13","5","3","6","6","5284","15:56:56"
"RetrieveAndCompare","1174795700","5d153acb33ac2f000170542a","SES-13","5","4","4","4","4486","15:57:01"
"RetrieveAndCompare","1174795700","5d153acb33ac2f000170542a","SES-13","5","5","1","1","4528","15:57:05"
"RetrieveAndCompare","1174795700","5d153acb33ac2f000170542a","SES-13","5","6","1","1","7247","15:57:13"
"RetrieveAndCompare","1174795700","5d153acb33ac2f000170542a","SES-13","5","7","4","4","5080","15:57:18"
"RetrieveAndCompare","1174795700","5d153acb33ac2f000170542a","SES-13","5","8","7","7","8069","15:57:26"
"RetrieveAndCompare","1174795700","5d153acb33ac2f000170542a","SES-13","5","9","6","6","3968","15:57:30"
"RetrieveAndCompare","1174795700","5d153acb33ac2f000170542a","SES-13","5","10","8","8","4595","15:57:35"
"RetrieveAndCompare","1174795700","5d153acb33ac2f000170542a","SES-13","5","11","4","4","3426","15:57:38"
"RetrieveAndCompare","1174795700","5d153acb33ac2f000170542a","SES-13","5","12","4","4","4018","15:57:42"
"RetrieveAndCompare","1174795700","5d153acb33ac2f000170542a","SES-13","5","13","7","7","7609","15:57:49"
"RetrieveAndCompare","2574218316","5b16bc7644127b00013f7245","CRT-7","1","1","2","2","23172","15:58:10"
"RetrieveAndCompare","2574218316","5b16bc7644127b00013f7245","CRT-7","1","2","1","1","41593","15:58:51"
"RetrieveAndCompare","2574218316","5b16bc7644127b00013f7245","CRT-7","1","3","1","1","27778","15:59:19"
"RetrieveAndCompare","2574218316","5b16bc7644127b00013f7245","CRT-7","1","4","2","2","25417","15:59:45"
"RetrieveAndCompare","2574218316","5b16bc7644127b00013f7245","CRT-7","1","5","1","1","25673","16:00:10"
"RetrieveAndCompare","2574218316","5b16bc7644127b00013f7245","CRT-7","1","6","1","1","27816","16:00:38"
"RetrieveAndCompare","2574218316","5b16bc7644127b00013f7245","CRT-7","1","7","0","0","30498","16:01:09"
"RetrieveAndCompare","2574218316","5b16bc7644127b00013f7245","SES-13_instruction","5","1","1","1","10282","16:01:19"
"RetrieveAndCompare","2574218316","5b16bc7644127b00013f7245","SES-13","5","1","8","8","6969","16:01:26"
"RetrieveAndCompare","2574218316","5b16bc7644127b00013f7245","SES-13","5","2","2","2","5648","16:01:31"
"RetrieveAndCompare","2574218316","5b16bc7644127b00013f7245","SES-13","5","3","3","3","4298","16:01:36"
"RetrieveAndCompare","2574218316","5b16bc7644127b00013f7245","SES-13","5","4","6","6","4366","16:01:40"
"RetrieveAndCompare","2574218316","5b16bc7644127b00013f7245","SES-13","5","5","1","1","5437","16:01:46"
"RetrieveAndCompare","2574218316","5b16bc7644127b00013f7245","SES-13","5","6","2","2","5815","16:01:51"
"RetrieveAndCompare","2574218316","5b16bc7644127b00013f7245","SES-13","5","7","6","6","6874","16:01:58"
"RetrieveAndCompare","2574218316","5b16bc7644127b00013f7245","SES-13","5","8","6","6","4745","16:02:03"
"RetrieveAndCompare","2574218316","5b16bc7644127b00013f7245","SES-13","5","9","4","4","4354","16:02:07"
"RetrieveAndCompare","2574218316","5b16bc7644127b00013f7245","SES-13","5","10","7","7","3776","16:02:11"
"RetrieveAndCompare","2574218316","5b16bc7644127b00013f7245","SES-13","5","11","5","5","4138","16:02:15"
"RetrieveAndCompare","2574218316","5b16bc7644127b00013f7245","SES-13","5","12","4","4","5151","16:02:20"
"RetrieveAndCompare","2574218316","5b16bc7644127b00013f7245","SES-13","5","13","7","7","11074","16:02:32"
"RetrieveAndCompare","5025301979","5c5e3853de929b0001a4d683","CRT-7","1","1","2","2","20166","16:26:22"
"RetrieveAndCompare","5025301979","5c5e3853de929b0001a4d683","CRT-7","1","2","1","1","38308","16:27:01"
"RetrieveAndCompare","5025301979","5c5e3853de929b0001a4d683","CRT-7","1","3","1","1","31307","16:27:32"
"RetrieveAndCompare","5025301979","5c5e3853de929b0001a4d683","CRT-7","1","4","2","2","43136","16:28:15"
"RetrieveAndCompare","5025301979","5c5e3853de929b0001a4d683","CRT-7","1","5","2","2","41820","16:28:57"
"RetrieveAndCompare","5025301979","5c5e3853de929b0001a4d683","CRT-7","1","6","2","2","27302","16:29:24"
"RetrieveAndCompare","5025301979","5c5e3853de929b0001a4d683","CRT-7","1","7","2","2","51332","16:30:16"
"RetrieveAndCompare","5025301979","5c5e3853de929b0001a4d683","SES-13_instruction","5","1","1","1","19417","16:30:35"
"RetrieveAndCompare","5025301979","5c5e3853de929b0001a4d683","SES-13","5","1","7","7","16094","16:30:51"
"RetrieveAndCompare","5025301979","5c5e3853de929b0001a4d683","SES-13","5","2","3","3","11863","16:31:03"
"RetrieveAndCompare","5025301979","5c5e3853de929b0001a4d683","SES-13","5","3","1","1","12374","16:31:15"
"RetrieveAndCompare","5025301979","5c5e3853de929b0001a4d683","SES-13","5","4","1","1","13150","16:31:29"
"RetrieveAndCompare","5025301979","5c5e3853de929b0001a4d683","SES-13","5","5","1","1","11082","16:31:40"
"RetrieveAndCompare","5025301979","5c5e3853de929b0001a4d683","SES-13","5","6","7","7","13606","16:31:54"
"RetrieveAndCompare","5025301979","5c5e3853de929b0001a4d683","SES-13","5","7","5","5","14725","16:32:08"
"RetrieveAndCompare","5025301979","5c5e3853de929b0001a4d683","SES-13","5","8","1","1","12509","16:32:20"
"RetrieveAndCompare","5025301979","5c5e3853de929b0001a4d683","SES-13","5","9","3","3","16207","16:32:37"
"RetrieveAndCompare","5025301979","5c5e3853de929b0001a4d683","SES-13","5","10","3","3","12206","16:32:49"
"RetrieveAndCompare","5025301979","5c5e3853de929b0001a4d683","SES-13","5","11","1","1","14117","16:33:03"
"RetrieveAndCompare","5025301979","5c5e3853de929b0001a4d683","SES-13","5","12","1","1","11649","16:33:15"
"RetrieveAndCompare","5025301979","5c5e3853de929b0001a4d683","SES-13","5","13","5","5","19546","16:33:34"
