"exp","expID","id","test","choice","outcome","session","phase","trial","sum","date"
"incentivize","2147483647","5fafdefb35f42e2c00093fbe","0","B","1","-1","1","7","1","2022-05-31 15:59:46"
"incentivize","1498433968","62961af12caa56569ae31ed5","0","B","-1","-1","1","8","-1","2022-05-31 16:00:02"
"incentivize","2147483647","6173043badff9e638ce8ca2d","0","O","-1","-1","1","1","-1","2022-05-31 16:00:17"
"incentivize","2147483647","603e5aad160c3ee04e07e8d3","0","N","-1","-1","1","2","-1","2022-05-31 16:00:23"
"incentivize","2147483647","60b0fef884af1d79927a12d5","0","M","-1","-1","1","8","-1","2022-05-31 16:00:33"
"incentivize","2147483647","6172150f04c545e20b4d5af9","0","D","-1","-1","1","5","-1","2022-05-31 16:00:36"
"incentivize","2147483647","5eeae82d741eed221ec5a245","0","N","-1","-1","1","1","-1","2022-05-31 16:00:37"
"incentivize2","870539064","61112541376220d2cea05e44","0","D","1","-1","1","0","1","2022-05-31 16:00:49"
"incentivize","1498433968","62961af12caa56569ae31ed5","0","P","1","-1","2","10","0","2022-05-31 16:01:06"
"incentivize","2147483647","5fafdefb35f42e2c00093fbe","0","C","1","-1","2","0","2","2022-05-31 16:01:27"
"incentivize","2147483647","603e5aad160c3ee04e07e8d3","0","-1","-1","-1","2","5","-2","2022-05-31 16:01:43"
"incentivize","2147483647","60b0fef884af1d79927a12d5","0","E","-1","-1","2","10","-2","2022-05-31 16:01:58"
"incentivize","2147483647","6173043badff9e638ce8ca2d","0","0.2","1","-1","2","5","0","2022-05-31 16:02:01"
"incentivize","2147483647","5eeae82d741eed221ec5a245","0","1","1","-1","2","6","0","2022-05-31 16:02:14"
"incentivize2","870539064","61112541376220d2cea05e44","0","C","-1","-1","2","4","0","2022-05-31 16:02:30"
"incentivize2","2147483647","615f30408144b09278b6f958","0","J","-1","-1","1","0","-1","2022-05-31 16:02:36"
"incentivize2","2147483647","6163ff503beed553308638c7","0","P","-1","-1","1","3","-1","2022-05-31 16:02:37"
"incentivize","2147483647","6172150f04c545e20b4d5af9","0","0","1","-1","2","10","0","2022-05-31 16:02:40"
"incentivize2","987066726","613a9b39928d81d5ce5a3f7c","0","N","-1","-1","1","4","-1","2022-05-31 16:03:28"
"incentivize2","2147483647","6163ff503beed553308638c7","0","0.2","-1","-1","2","2","-2","2022-05-31 16:03:47"
"incentivize2","2147483647","615f30408144b09278b6f958","0","L","-1","-1","2","7","-2","2022-05-31 16:04:19"
"incentivize2","289703300","616db113a87ceedca7fbf94a","0","C","-1","-1","1","1","-1","2022-05-31 16:04:21"
"incentivize2","451247451","6028587755736d18c83410bf","0","C","1","-1","1","2","1","2022-05-31 16:04:23"
"incentivize2","2147483647","614e3ca8734f6c8b0bbdcb87","0","F","-1","-1","1","4","-1","2022-05-31 16:04:54"
"incentivize2","987066726","613a9b39928d81d5ce5a3f7c","0","E","1","-1","2","6","0","2022-05-31 16:06:15"
"incentivize2","451247451","6028587755736d18c83410bf","0","0.4","1","-1","2","8","2","2022-05-31 16:06:29"
"incentivize","2147483647","5f2c8d4334a79d06cb136702","0","P","-1","-1","1","3","-1","2022-05-31 16:07:09"
"incentivize2","289703300","616db113a87ceedca7fbf94a","0","0.1","1","-1","2","9","0","2022-05-31 16:07:13"
"incentivize2","2147483647","60d6132cd85bce1483291f56","0","O","1","-1","1","0","1","2022-05-31 16:07:44"
"incentivize","2147483647","6063f65c58167d6efa46e430","0","N","1","-1","1","3","1","2022-05-31 16:07:59"
"incentivize2","2147483647","614e3ca8734f6c8b0bbdcb87","0","E","1","-1","2","9","0","2022-05-31 16:08:16"
"incentivize","1498433968","62961af12caa56569ae31ed5","0","10","1","0","1","97","1","2022-05-31 16:09:30"
"incentivize","2147483647","6063f65c58167d6efa46e430","0","0.8","1","-1","2","4","2","2022-05-31 16:09:40"
"incentivize","2147483647","603e5aad160c3ee04e07e8d3","0","15","1","0","1","78","1","2022-05-31 16:10:31"
"incentivize","2147483647","60b0fef884af1d79927a12d5","0","6","1","0","1","94","1","2022-05-31 16:10:34"
"incentivize","2147483647","5fafdefb35f42e2c00093fbe","0","12","-1","0","1","0","-1","2022-05-31 16:10:49"
"incentivize2","870539064","61112541376220d2cea05e44","0","16","-1","0","1","34","-1","2022-05-31 16:11:32"
"incentivize","2147483647","6173043badff9e638ce8ca2d","0","10","-1","0","1","67","-1","2022-05-31 16:11:39"
"incentivize2","2147483647","6163ff503beed553308638c7","0","6","1","0","1","35","1","2022-05-31 16:12:07"
"incentivize","2147483647","6172150f04c545e20b4d5af9","0","4","1","0","1","110","1","2022-05-31 16:12:48"
"incentivize","2147483647","5eeae82d741eed221ec5a245","0","17","-1","0","1","19","-1","2022-05-31 16:12:51"
"incentivize2","661681558","60fbfee6056f2a31423d9c07","0","G","1","-1","1","3","1","2022-05-31 16:13:06"
"incentivize2","2147483647","60d6132cd85bce1483291f56","0","P","-1","-1","2","2","0","2022-05-31 16:13:26"
"incentivize2","451247451","6028587755736d18c83410bf","0","9","-1","0","1","42","-1","2022-05-31 16:15:29"
"incentivize2","661681558","60fbfee6056f2a31423d9c07","0","G","-1","-1","2","1","0","2022-05-31 16:15:38"
"incentivize2","289703300","616db113a87ceedca7fbf94a","0","4","1","0","1","102","1","2022-05-31 16:16:49"
"incentivize","1498433968","62961af12caa56569ae31ed5","0","10","1","0","2","148","2","2022-05-31 16:17:28"
"incentivize2","987066726","613a9b39928d81d5ce5a3f7c","0","11","1","0","1","29","1","2022-05-31 16:18:40"
"incentivize2","870539064","61112541376220d2cea05e44","0","2","1","0","2","116","0","2022-05-31 16:18:45"
"incentivize","2147483647","6063f65c58167d6efa46e430","0","10","1","0","1","23","1","2022-05-31 16:18:57"
"incentivize","2147483647","613a82ea0caa38af897827fc","0","J","1","-1","1","7","1","2022-05-31 16:19:15"
"incentivize","2147483647","5fafdefb35f42e2c00093fbe","0","3","-1","0","2","29","-2","2022-05-31 16:19:34"
"incentivize","2147483647","6173043badff9e638ce8ca2d","0","2","1","0","2","124","0","2022-05-31 16:20:10"
"incentivize","2147483647","603e5aad160c3ee04e07e8d3","0","2","-1","0","2","127","0","2022-05-31 16:20:46"
"incentivize2","2147483647","6163ff503beed553308638c7","0","0.4","1","0","2","76","2","2022-05-31 16:21:06"
"incentivize2","451247451","6028587755736d18c83410bf","0","0.3","1","0","2","85","0","2022-05-31 16:22:02"
"incentivize","2147483647","613a82ea0caa38af897827fc","0","P","-1","-1","2","9","0","2022-05-31 16:22:51"
"incentivize","2147483647","6172150f04c545e20b4d5af9","0","5","1","0","2","24","2","2022-05-31 16:22:52"
"incentivize2","2147483647","60d6132cd85bce1483291f56","0","10","1","0","1","96","1","2022-05-31 16:24:12"
"incentivize2","289703300","616db113a87ceedca7fbf94a","0","4","1","0","2","28","2","2022-05-31 16:24:58"
"incentivize2","2147483647","614e3ca8734f6c8b0bbdcb87","0","10","1","0","1","81","1","2022-05-31 16:26:23"
"incentivize","2147483647","5eeae82d741eed221ec5a245","0","3","1","0","2","1","0","2022-05-31 16:26:51"
"incentivize","2147483647","6063f65c58167d6efa46e430","0","2","-1","0","2","73","0","2022-05-31 16:27:59"
"incentivize2","870539064","61112541376220d2cea05e44","0","13","1","1","1","14","1","2022-05-31 16:28:18"
"incentivize2","661681558","60fbfee6056f2a31423d9c07","0","16","-1","0","1","32","-1","2022-05-31 16:28:23"
"incentivize2","2147483647","615f30408144b09278b6f958","0","16","-1","0","1","44","-1","2022-05-31 16:28:45"
"incentivize","2147483647","5fafdefb35f42e2c00093fbe","0","6","1","1","1","46","-1","2022-05-31 16:29:37"
"incentivize","2147483647","6173043badff9e638ce8ca2d","0","16","1","1","1","56","1","2022-05-31 16:29:42"
"incentivize2","451247451","6028587755736d18c83410bf","0","8","1","1","1","23","1","2022-05-31 16:30:34"
"incentivize2","2147483647","6163ff503beed553308638c7","0","14","-1","1","1","101","1","2022-05-31 16:31:24"
"incentivize2","2147483647","60d6132cd85bce1483291f56","0","6","-1","0","2","20","0","2022-05-31 16:32:22"
"incentivize2","987066726","613a9b39928d81d5ce5a3f7c","0","8","-1","0","2","84","0","2022-05-31 16:32:30"
"incentivize","2147483647","603e5aad160c3ee04e07e8d3","0","5","1","1","1","69","1","2022-05-31 16:33:14"
"incentivize","2147483647","6172150f04c545e20b4d5af9","0","17","1","1","1","100","3","2022-05-31 16:33:16"
"incentivize","1498433968","62961af12caa56569ae31ed5","0","14","1","1","1","9","3","2022-05-31 16:33:34"
"incentivize2","289703300","616db113a87ceedca7fbf94a","0","7","1","1","1","16","3","2022-05-31 16:34:36"
"incentivize2","870539064","61112541376220d2cea05e44","0","10","-1","1","2","146","0","2022-05-31 16:36:08"
"incentivize","2147483647","6173043badff9e638ce8ca2d","0","0.2","-1","1","2","64","0","2022-05-31 16:36:52"
"incentivize","2147483647","5fafdefb35f42e2c00093fbe","0","7","-1","1","2","49","-2","2022-05-31 16:37:23"
"incentivize","2147483647","613a82ea0caa38af897827fc","0","16","1","0","1","46","1","2022-05-31 16:37:31"
"incentivize2","2147483647","615f30408144b09278b6f958","0","2","-1","0","2","93","-2","2022-05-31 16:38:02"
"incentivize","2147483647","6063f65c58167d6efa46e430","0","11","-1","1","1","57","-1","2022-05-31 16:38:16"
"incentivize2","451247451","6028587755736d18c83410bf","0","0.4","-1","1","2","113","0","2022-05-31 16:38:40"
"incentivize2","2147483647","6163ff503beed553308638c7","0","15","1","1","2","130","2","2022-05-31 16:38:55"
"incentivize2","661681558","60fbfee6056f2a31423d9c07","0","2","1","0","2","104","0","2022-05-31 16:39:09"
"incentivize","2147483647","5eeae82d741eed221ec5a245","0","6","1","1","1","40","1","2022-05-31 16:40:04"
"incentivize2","2147483647","614e3ca8734f6c8b0bbdcb87","0","13","1","0","2","118","2","2022-05-31 16:40:07"
"incentivize","2147483647","6172150f04c545e20b4d5af9","0","0.1","1","1","2","43","4","2022-05-31 16:41:53"
"incentivize2","2147483647","60d6132cd85bce1483291f56","0","13","-1","1","1","42","-1","2022-05-31 16:41:54"
"incentivize","1498433968","62961af12caa56569ae31ed5","0","9","-1","1","2","9","2","2022-05-31 16:43:02"
"incentivize","2147483647","6063f65c58167d6efa46e430","0","12","1","1","2","97","0","2022-05-31 16:47:15"
"incentivize2","2147483647","615f30408144b09278b6f958","0","6","-1","1","1","31","-3","2022-05-31 16:47:16"
"incentivize","2147483647","603e5aad160c3ee04e07e8d3","0","0.3","-1","1","2","85","0","2022-05-31 16:48:02"
"incentivize","2147483647","5eeae82d741eed221ec5a245","0","8","-1","1","2","39","0","2022-05-31 16:49:14"
"incentivize2","289703300","616db113a87ceedca7fbf94a","0","-0.4","-1","1","2","132","2","2022-05-31 16:50:23"
"incentivize2","2147483647","60d6132cd85bce1483291f56","0","11","-1","1","2","80","-2","2022-05-31 16:50:45"
"incentivize2","661681558","60fbfee6056f2a31423d9c07","0","15","1","1","1","40","1","2022-05-31 16:52:05"
"incentivize","2147483647","613a82ea0caa38af897827fc","0","11","1","0","2","93","2","2022-05-31 16:52:09"
"incentivize2","2147483647","615f30408144b09278b6f958","0","-0.8","-1","1","2","75","-4","2022-05-31 16:55:47"
"incentivize2","2147483647","614e3ca8734f6c8b0bbdcb87","0","5","-1","1","1","70","1","2022-05-31 16:56:38"
"incentivize","2147483647","60b0fef884af1d79927a12d5","0","15","1","0","2","116","2","2022-05-31 17:03:33"
"incentivize2","661681558","60fbfee6056f2a31423d9c07","0","11","1","1","2","150","2","2022-05-31 17:04:38"
"incentivize2","2147483647","614e3ca8734f6c8b0bbdcb87","0","0.4","1","1","2","18","2","2022-05-31 17:08:45"
"incentivize2","987066726","613a9b39928d81d5ce5a3f7c","0","7","1","1","1","42","1","2022-05-31 17:09:36"
"incentivize","2147483647","613a82ea0caa38af897827fc","0","14","1","1","1","1","3","2022-05-31 17:11:48"
"incentivize","2147483647","60b0fef884af1d79927a12d5","0","5","1","1","1","94","3","2022-05-31 17:12:01"
"incentivize","2147483647","60b0fef884af1d79927a12d5","0","16","1","1","2","53","4","2022-05-31 17:18:05"
"incentivize","2147483647","5f2c8d4334a79d06cb136702","0","0.8","1","-1","2","1","0","2022-05-31 17:20:19"
"incentivize","2147483647","613a82ea0caa38af897827fc","0","14","1","1","2","43","4","2022-05-31 17:20:44"
"incentivize","2147483647","5f2c8d4334a79d06cb136702","0","12","1","0","1","5","1","2022-05-31 17:29:12"
"incentivize2","987066726","613a9b39928d81d5ce5a3f7c","0","6","1","1","2","130","2","2022-05-31 17:33:25"
"incentivize","2147483647","5f2c8d4334a79d06cb136702","0","8","-1","0","2","30","0","2022-05-31 17:37:42"
"incentivize","2147483647","5f2c8d4334a79d06cb136702","0","9","1","1","1","109","1","2022-05-31 17:46:55"
"incentivize","2147483647","5f2c8d4334a79d06cb136702","0","15","1","1","2","27","2","2022-05-31 17:53:29"
"incentivize","2147483647","60ec51c51a3158a50ded8a3e","0","K","-1","-1","1","6","-1","2022-05-31 17:56:50"
"incentivize","2147483647","609a54b96c38edbbf5e48251","0","D","-1","-1","1","1","-1","2022-05-31 17:56:51"
"incentivize","2147483647","6069dc93673768fac8822472","0","G","1","-1","1","9","1","2022-05-31 17:57:04"
"incentivize","2147483647","60ca0a178a861accb4161f1b","0","D","-1","-1","1","0","-1","2022-05-31 17:57:08"
"incentivize","2147483647","60e0e2d9a207ba546969b432","0","H","1","-1","1","7","1","2022-05-31 17:57:10"
"incentivize","1306587537","5f84dba8c455331b7be18ab2","0","L","1","-1","1","3","1","2022-05-31 17:57:14"
"incentivize","2147483647","6099132b6d152b812fdc911c","0","L","1","-1","1","7","1","2022-05-31 17:57:15"
"incentivize","2147483647","5d3ef33e8da0790017c90e08","0","B","1","-1","1","1","1","2022-05-31 17:57:21"
"incentivize","2147483647","5c38d25078687a0001db8633","0","O","1","-1","1","9","1","2022-05-31 17:57:31"
"incentivize","2147483647","5c7171ddbc6ab00001d7ad90","0","I","1","-1","1","0","1","2022-05-31 17:57:40"
"incentivize","2147483647","5e5aa39b15b8d429d07abfd4","0","P","1","-1","1","6","1","2022-05-31 17:57:53"
"incentivize","2147483647","616ffbfe7b44b1236b1fc24e","0","G","1","-1","1","10","1","2022-05-31 17:57:54"
"incentivize","2147483647","609a54b96c38edbbf5e48251","0","0.2","-1","-1","2","9","-2","2022-05-31 17:58:10"
"incentivize","2147483647","602f69ce775c55c4b3ceeabb","0","J","1","-1","1","3","1","2022-05-31 17:58:16"
"incentivize","2147483647","6099132b6d152b812fdc911c","0","F","-1","-1","2","0","0","2022-05-31 17:58:20"
"incentivize","2147483647","610185b659db06a83c4e634a","0","O","1","-1","1","5","1","2022-05-31 17:58:23"
"incentivize","2147483647","60ec51c51a3158a50ded8a3e","0","M","-1","-1","2","3","-2","2022-05-31 17:58:25"
"incentivize","2147483647","611bb2a6d9678117db737236","0","N","-1","-1","1","8","-1","2022-05-31 17:58:29"
"incentivize","2147483647","60e0e2d9a207ba546969b432","0","F","-1","-1","2","4","0","2022-05-31 17:58:31"
"incentivize","2147483647","60ca0a178a861accb4161f1b","0","G","-1","-1","2","5","-2","2022-05-31 17:58:34"
"incentivize2","2147483647","605bd0169853b502f34b51c3","0","L","1","-1","1","5","1","2022-05-31 17:58:36"
"incentivize2","2147483647","5e1ce5942923360769c7af3a","0","D","-1","-1","1","0","-1","2022-05-31 17:58:38"
"incentivize2","2147483647","56de005e6893b5000ce95d71","0","I","-1","-1","1","1","-1","2022-05-31 17:58:41"
"incentivize2","2147483647","603fc30024a4160d72b0f1b8","0","E","1","-1","1","0","1","2022-05-31 17:58:44"
"incentivize","2147483647","5f7d002d141e4e1c0e84e98e","0","B","-1","-1","1","6","-1","2022-05-31 17:58:47"
"incentivize","1306587537","5f84dba8c455331b7be18ab2","0","G","-1","-1","2","0","0","2022-05-31 17:58:47"
"incentivize","2147483647","60b9b66f3b3795d796a82ee6","0","H","1","-1","1","1","1","2022-05-31 17:58:48"
"incentivize","2147483647","5d3ef33e8da0790017c90e08","0","B","-1","-1","2","2","0","2022-05-31 17:58:50"
"incentivize","2147483647","6069dc93673768fac8822472","0","E","-1","-1","2","6","0","2022-05-31 17:58:55"
"incentivize","2147483647","616ffbfe7b44b1236b1fc24e","0","G","1","-1","2","3","2","2022-05-31 17:58:56"
"incentivize2","2147483647","5a86e1a4eea3d300016e7981","0","I","-1","-1","1","5","-1","2022-05-31 17:58:56"
"incentivize2","2147483647","60535adfff835194160cd3bb","0","D","1","-1","1","4","1","2022-05-31 17:58:59"
"incentivize","2147483647","5f2d14d99d93bf265393b8ac","0","M","1","-1","1","5","1","2022-05-31 17:59:09"
"incentivize","2147483647","5c38d25078687a0001db8633","0","O","1","-1","2","8","2","2022-05-31 17:59:10"
"incentivize2","1199712216","5d069530ad18d40019bb768f","0","M","1","-1","1","7","1","2022-05-31 17:59:11"
"incentivize","2147483647","5f7506afbadfcf169784f466","0","B","-1","-1","1","6","-1","2022-05-31 17:59:15"
"incentivize","2147483647","5f806f22e8159d0913945e35","0","L","1","-1","1","0","1","2022-05-31 17:59:20"
"incentivize2","2147483647","6172c19ff79e4bec69b80c10","0","H","1","-1","1","3","1","2022-05-31 17:59:20"
"incentivize2","2093609258","615fe53328089522ce2661ed","0","I","-1","-1","1","6","-1","2022-05-31 17:59:22"
"incentivize2","2147483647","60fc82ec40d698e0b433e1c1","0","Q","-1","-1","1","4","-1","2022-05-31 17:59:29"
"incentivize","2147483647","614468965cba9b8f734f0d60","0","H","-1","-1","1","5","-1","2022-05-31 17:59:32"
"incentivize2","548521417","5f653cb18aad310a9ee7c32d","0","K","-1","-1","1","5","-1","2022-05-31 17:59:33"
"incentivize2","2147483647","60e4dde24ae3ef466418b19f","0","K","-1","-1","1","3","-1","2022-05-31 17:59:34"
"incentivize","2147483647","60c048ca962103e0da201a34","0","K","1","-1","1","9","1","2022-05-31 17:59:42"
"incentivize2","2147483647","5ea96886ef7ece0604eee527","0","G","1","-1","1","0","1","2022-05-31 17:59:46"
"incentivize","2147483647","5c7171ddbc6ab00001d7ad90","0","B","-1","-1","2","1","0","2022-05-31 17:59:51"
"incentivize2","2147483647","5fe24ba323b19bdc9d2f2d18","0","I","1","-1","1","7","1","2022-05-31 17:59:51"
"incentivize2","2147483647","605bd0169853b502f34b51c3","0","C","-1","-1","2","8","0","2022-05-31 17:59:57"
"incentivize2","64983248","60f2c01eda767e48b6c2830a","0","N","-1","-1","1","8","-1","2022-05-31 17:59:58"
"incentivize2","1993714535","617472a275f3c78a60844d68","0","F","1","-1","1","6","1","2022-05-31 18:00:00"
"incentivize","2147483647","615244e111aefca2b42a35f9","0","D","-1","-1","1","0","-1","2022-05-31 18:00:04"
"incentivize2","2147483647","603fc30024a4160d72b0f1b8","0","I","-1","-1","2","9","0","2022-05-31 18:00:05"
"incentivize2","1874870874","60979b540a2cf2468fde514b","0","N","-1","-1","1","2","-1","2022-05-31 18:00:06"
"incentivize2","2147483647","627e7906b82dabdbe672cdd1","0","N","1","-1","1","1","1","2022-05-31 18:00:07"
"incentivize","2147483647","611bb2a6d9678117db737236","0","1","1","-1","2","8","0","2022-05-31 18:00:10"
"incentivize2","2147483647","5a86e1a4eea3d300016e7981","0","F","1","-1","2","3","0","2022-05-31 18:00:10"
"incentivize2","2147483647","5e1ce5942923360769c7af3a","0","-0.3","1","-1","2","4","0","2022-05-31 18:00:11"
"incentivize2","2147483647","6086bce92a8e1c219a9120c5","0","H","1","-1","1","6","1","2022-05-31 18:00:12"
"incentivize","2147483647","5faab9fa1c6cce487d370981","0","D","1","-1","1","10","1","2022-05-31 18:00:15"
"incentivize","2147483647","60ddfb3db6a71ad9ba75e387","0","I","1","-1","1","3","1","2022-05-31 18:00:16"
"incentivize","2147483647","602f69ce775c55c4b3ceeabb","0","G","-1","-1","2","7","0","2022-05-31 18:00:17"
"incentivize2","1199712216","5d069530ad18d40019bb768f","0","D","1","-1","2","3","2","2022-05-31 18:00:17"
"incentivize2","2147483647","56de005e6893b5000ce95d71","0","M","-1","-1","2","2","-2","2022-05-31 18:00:21"
"incentivize","2147483647","5f7d002d141e4e1c0e84e98e","0","N","1","-1","2","6","0","2022-05-31 18:00:25"
"incentivize","2147483647","5eea1be10e95520beb9fa654","0","J","1","-1","1","4","1","2022-05-31 18:00:27"
"incentivize","2147483647","5e5aa39b15b8d429d07abfd4","0","0.6","1","-1","2","10","2","2022-05-31 18:00:34"
"incentivize","1179698444","60da187630a6c49f4f44d058","0","I","1","-1","1","6","1","2022-05-31 18:00:36"
"incentivize","2147483647","610185b659db06a83c4e634a","0","B","-1","-1","2","7","0","2022-05-31 18:00:47"
"incentivize2","2147483647","60fdb9bad55eb8c5b67f18f4","0","Q","1","-1","1","0","1","2022-05-31 18:00:54"
"incentivize2","2093609258","615fe53328089522ce2661ed","0","L","-1","-1","2","7","-2","2022-05-31 18:01:02"
"incentivize2","548521417","5f653cb18aad310a9ee7c32d","0","K","1","-1","2","3","0","2022-05-31 18:01:04"
"incentivize2","2147483647","60535adfff835194160cd3bb","0","P","-1","-1","2","0","0","2022-05-31 18:01:06"
"incentivize","2147483647","61278ed955c9c0f27457ae1b","0","F","-1","-1","1","2","-1","2022-05-31 18:01:06"
"incentivize","2147483647","60b9b66f3b3795d796a82ee6","0","0","-1","-1","2","9","0","2022-05-31 18:01:06"
"incentivize","2147483647","60ecb41a4a9023db55e9c061","0","N","1","-1","1","9","1","2022-05-31 18:01:08"
"incentivize2","2147483647","6074de03363deb52b54eccf4","0","Q","1","-1","1","9","1","2022-05-31 18:01:09"
"incentivize2","2147483647","60e4dde24ae3ef466418b19f","0","N","-1","-1","2","0","-2","2022-05-31 18:01:09"
"incentivize2","2147483647","60fc82ec40d698e0b433e1c1","0","E","1","-1","2","7","0","2022-05-31 18:01:12"
"incentivize","2147483647","5f2d14d99d93bf265393b8ac","0","0.2","1","-1","2","2","2","2022-05-31 18:01:14"
"incentivize2","2147483647","5ea96886ef7ece0604eee527","0","M","-1","-1","2","9","0","2022-05-31 18:01:14"
"incentivize","2147483647","614468965cba9b8f734f0d60","0","E","1","-1","2","7","0","2022-05-31 18:01:20"
"incentivize","2147483647","5f7506afbadfcf169784f466","0","B","-1","-1","2","9","-2","2022-05-31 18:01:23"
"incentivize","942561113","613e18e92e4ed15176362aa2","0","O","-1","-1","1","1","-1","2022-05-31 18:01:25"
"incentivize","2147483647","60ddc6cf3e04111115200984","0","M","-1","-1","1","6","-1","2022-05-31 18:01:33"
"incentivize2","64983248","60f2c01eda767e48b6c2830a","0","Q","1","-1","2","5","0","2022-05-31 18:01:39"
"incentivize2","2147483647","60ef5b1cf52939a80af77543","0","M","1","-1","1","5","1","2022-05-31 18:01:40"
"incentivize","2147483647","5ee4273dba332e11f6e28676","0","M","1","-1","1","3","1","2022-05-31 18:01:40"
"incentivize2","1993714535","617472a275f3c78a60844d68","0","J","1","-1","2","3","2","2022-05-31 18:01:46"
"incentivize2","1874870874","60979b540a2cf2468fde514b","0","N","1","-1","2","1","0","2022-05-31 18:01:48"
"incentivize","2147483647","60c048ca962103e0da201a34","0","P","-1","-1","2","7","0","2022-05-31 18:01:51"
"incentivize2","2147483647","6086bce92a8e1c219a9120c5","0","M","1","-1","2","7","2","2022-05-31 18:01:54"
"incentivize2","2147483647","5fe24ba323b19bdc9d2f2d18","0","G","1","-1","2","6","2","2022-05-31 18:01:56"
"incentivize","1179698444","60da187630a6c49f4f44d058","0","0.6","-1","-1","2","7","0","2022-05-31 18:02:02"
"incentivize2","2147483647","615d5b821a79847e2b342374","0","N","1","-1","1","3","1","2022-05-31 18:02:11"
"incentivize2","2147483647","6172c19ff79e4bec69b80c10","0","B","1","-1","2","0","2","2022-05-31 18:02:14"
"incentivize2","2147483647","627e7906b82dabdbe672cdd1","0","-0.1","-1","-1","2","4","0","2022-05-31 18:02:15"
"incentivize","2147483647","5faab9fa1c6cce487d370981","0","N","-1","-1","2","9","0","2022-05-31 18:02:20"
"incentivize","2147483647","5eea1be10e95520beb9fa654","0","J","-1","-1","2","1","0","2022-05-31 18:02:21"
"incentivize2","2147483647","6171b1bc917dfe828a3130dd","0","E","1","-1","1","2","1","2022-05-31 18:02:31"
"incentivize","2147483647","60ddfb3db6a71ad9ba75e387","0","C","1","-1","2","6","2","2022-05-31 18:02:34"
"incentivize2","2147483647","60e9ea97d19e613e60a994da","0","M","1","-1","1","8","1","2022-05-31 18:02:36"
"incentivize2","2147483647","5f60713e595007000a8e1da7","0","M","1","-1","1","9","1","2022-05-31 18:02:51"
"incentivize","2147483647","615244e111aefca2b42a35f9","0","G","-1","-1","2","5","-2","2022-05-31 18:02:53"
"incentivize","2147483647","60ddc6cf3e04111115200984","0","0.8","1","-1","2","10","0","2022-05-31 18:03:02"
"incentivize2","2147483647","5eeb4be60e1a002243b3c096","0","K","-1","-1","1","9","-1","2022-05-31 18:03:02"
"incentivize2","2147483647","60fdb9bad55eb8c5b67f18f4","0","F","1","-1","2","4","2","2022-05-31 18:03:08"
"incentivize2","2147483647","60ef5b1cf52939a80af77543","0","0.3","1","-1","2","0","2","2022-05-31 18:03:15"
"incentivize","942561113","613e18e92e4ed15176362aa2","0","P","-1","-1","2","6","-2","2022-05-31 18:03:19"
"incentivize","1848711025","5e57a0020c3c6a14a1624031","0","F","-1","-1","1","9","-1","2022-05-31 18:03:22"
"incentivize2","2147483647","604ce6075c751bc1e1a11dd5","0","K","1","-1","1","8","1","2022-05-31 18:03:41"
"incentivize","2147483647","5f806f22e8159d0913945e35","0","N","-1","-1","2","4","0","2022-05-31 18:03:54"
"incentivize2","2147483647","6074de03363deb52b54eccf4","0","K","1","-1","2","4","2","2022-05-31 18:03:54"
"incentivize2","2147483647","5c845031d6a29e00162edf7d","0","B","-1","-1","1","9","-1","2022-05-31 18:04:02"
"incentivize","2147483647","5ee4273dba332e11f6e28676","0","0.2","1","-1","2","8","2","2022-05-31 18:04:04"
"incentivize","2147483647","61278ed955c9c0f27457ae1b","0","1","1","-1","2","6","0","2022-05-31 18:04:05"
"incentivize2","2147483647","6171b1bc917dfe828a3130dd","0","I","1","-1","2","8","2","2022-05-31 18:04:13"
"incentivize","2147483647","60ecb41a4a9023db55e9c061","0","N","1","-1","2","0","2","2022-05-31 18:04:14"
"incentivize2","2147483647","609149626cec7ae4d533b9b0","0","O","1","-1","1","2","1","2022-05-31 18:04:17"
"incentivize2","2147483647","5f3ee8fb5f0cc21a519fb0c2","0","F","1","-1","1","1","1","2022-05-31 18:04:23"
"incentivize2","2147483647","614b7fbcc3233152845dc3c6","0","G","-1","-1","1","10","-1","2022-05-31 18:04:27"
"incentivize","1848711025","5e57a0020c3c6a14a1624031","0","L","-1","-1","2","1","-2","2022-05-31 18:04:56"
"incentivize2","2147483647","5c845031d6a29e00162edf7d","0","M","1","-1","2","6","0","2022-05-31 18:04:58"
"incentivize2","2147483647","5eeb4be60e1a002243b3c096","0","C","1","-1","2","6","0","2022-05-31 18:05:01"
"incentivize2","2147483647","60e9ea97d19e613e60a994da","0","C","-1","-1","2","4","0","2022-05-31 18:05:12"
"incentivize","830677714","60f86773e1cc7868421ee9d8","0","I","-1","-1","1","7","-1","2022-05-31 18:05:30"
"incentivize","2147483647","6099132b6d152b812fdc911c","0","4","1","0","1","2","1","2022-05-31 18:05:58"
"incentivize2","2147483647","615d5b821a79847e2b342374","0","0.3","-1","-1","2","9","0","2022-05-31 18:06:02"
"incentivize2","2147483647","604ce6075c751bc1e1a11dd5","0","-0.3","-1","-1","2","10","0","2022-05-31 18:06:10"
"incentivize2","2147483647","611cb646fc99d84182086c18","0","O","-1","-1","1","10","-1","2022-05-31 18:06:14"
"incentivize","2147483647","60ec51c51a3158a50ded8a3e","0","7","1","0","1","28","1","2022-05-31 18:06:45"
"incentivize2","2147483647","61086c2bfda98ba5d75b9db4","0","E","1","-1","1","0","1","2022-05-31 18:06:54"
"incentivize","2147483647","609a54b96c38edbbf5e48251","0","7","-1","0","1","41","-1","2022-05-31 18:06:59"
"incentivize","2147483647","60e0e2d9a207ba546969b432","0","5","1","0","1","5","1","2022-05-31 18:07:20"
"incentivize","2147483647","60ca0a178a861accb4161f1b","0","10","1","0","1","32","1","2022-05-31 18:07:23"
"incentivize2","2147483647","5f3ee8fb5f0cc21a519fb0c2","0","0.3","1","-1","2","6","2","2022-05-31 18:07:24"
"incentivize","2147483647","6069dc93673768fac8822472","0","5","1","0","1","45","1","2022-05-31 18:07:24"
"incentivize","2147483647","616ffbfe7b44b1236b1fc24e","0","4","-1","0","1","84","-1","2022-05-31 18:07:34"
"incentivize","1306587537","5f84dba8c455331b7be18ab2","0","7","1","0","1","13","1","2022-05-31 18:07:48"
"incentivize","2147483647","5d3ef33e8da0790017c90e08","0","13","-1","0","1","76","-1","2022-05-31 18:07:59"
"incentivize2","1199712216","5d069530ad18d40019bb768f","0","9","1","0","1","74","1","2022-05-31 18:08:04"
"incentivize","830677714","60f86773e1cc7868421ee9d8","0","0.6","1","-1","2","2","0","2022-05-31 18:08:33"
"incentivize","2147483647","5c7171ddbc6ab00001d7ad90","0","16","-1","0","1","68","-1","2022-05-31 18:08:39"
"incentivize2","2147483647","603fc30024a4160d72b0f1b8","0","9","-1","0","1","111","-1","2022-05-31 18:08:41"
"incentivize2","2147483647","605bd0169853b502f34b51c3","0","9","1","0","1","32","1","2022-05-31 18:08:46"
"incentivize","2147483647","5c38d25078687a0001db8633","0","4","1","0","1","63","1","2022-05-31 18:08:48"
"incentivize2","2147483647","5e1ce5942923360769c7af3a","0","12","1","0","1","46","1","2022-05-31 18:08:48"
"incentivize2","2147483647","611cb646fc99d84182086c18","0","0.2","1","-1","2","2","0","2022-05-31 18:09:05"
"incentivize2","2147483647","6116a378612ec47c9335f3ed","0","K","-1","-1","1","5","-1","2022-05-31 18:09:07"
"incentivize","2147483647","611bb2a6d9678117db737236","0","16","1","0","1","105","1","2022-05-31 18:09:18"
"incentivize","2147483647","5f7d002d141e4e1c0e84e98e","0","8","1","0","1","78","1","2022-05-31 18:09:25"
"incentivize","2147483647","602f69ce775c55c4b3ceeabb","0","2","-1","0","1","34","-1","2022-05-31 18:09:25"
"incentivize","2147483647","5f2d14d99d93bf265393b8ac","0","14","1","0","1","85","1","2022-05-31 18:09:54"
"incentivize2","2147483647","5a86e1a4eea3d300016e7981","0","7","1","0","1","84","1","2022-05-31 18:09:58"
"incentivize2","2147483647","614b7fbcc3233152845dc3c6","0","G","1","-1","2","10","0","2022-05-31 18:10:00"
"incentivize2","2147483647","61687ebcd2a35ffb762d1928","0","N","-1","-1","1","5","-1","2022-05-31 18:10:02"
"incentivize2","1993714535","617472a275f3c78a60844d68","0","7","1","0","1","114","1","2022-05-31 18:10:06"
"incentivize2","2093609258","615fe53328089522ce2661ed","0","11","-1","0","1","67","-1","2022-05-31 18:10:09"
"incentivize2","2147483647","609149626cec7ae4d533b9b0","0","0.3","1","-1","2","5","2","2022-05-31 18:10:14"
"incentivize2","2147483647","60535adfff835194160cd3bb","0","4","1","0","1","118","1","2022-05-31 18:10:18"
"incentivize2","1175093423","5db31089a1f8d3000c10a6c5","0","P","-1","-1","1","6","-1","2022-05-31 18:10:19"
"incentivize2","2147483647","5ea96886ef7ece0604eee527","0","11","1","0","1","118","1","2022-05-31 18:10:23"
"incentivize2","2147483647","5f60713e595007000a8e1da7","0","0.4","1","-1","2","7","2","2022-05-31 18:10:25"
"incentivize2","2147483647","6116a378612ec47c9335f3ed","0","-0.1","-1","-1","2","6","-2","2022-05-31 18:10:26"
"incentivize2","64983248","60f2c01eda767e48b6c2830a","0","7","1","0","1","63","1","2022-05-31 18:10:29"
"incentivize2","548521417","5f653cb18aad310a9ee7c32d","0","16","1","0","1","36","1","2022-05-31 18:10:35"
"incentivize2","2147483647","609594df07c06a009e5e1c1d","0","G","-1","-1","1","3","-1","2022-05-31 18:10:40"
"incentivize2","2147483647","5e5eb4843accc91e2443212f","0","G","-1","-1","1","7","-1","2022-05-31 18:10:53"
"incentivize","2147483647","614468965cba9b8f734f0d60","0","15","1","0","1","112","1","2022-05-31 18:10:54"
"incentivize","2147483647","60b9b66f3b3795d796a82ee6","0","11","1","0","1","26","1","2022-05-31 18:11:05"
"incentivize","1179698444","60da187630a6c49f4f44d058","0","6","1","0","1","113","1","2022-05-31 18:11:09"
"incentivize","2147483647","610185b659db06a83c4e634a","0","15","1","0","1","10","1","2022-05-31 18:11:12"
"incentivize2","2147483647","5fe24ba323b19bdc9d2f2d18","0","11","-1","0","1","111","-1","2022-05-31 18:11:14"
"incentivize","2147483647","5eea1be10e95520beb9fa654","0","5","1","0","1","54","1","2022-05-31 18:11:15"
"incentivize2","2147483647","6050def7e8e7c6c1efb45fac","0","J","-1","-1","1","6","-1","2022-05-31 18:11:19"
"incentivize2","2147483647","6086bce92a8e1c219a9120c5","0","7","1","0","1","75","1","2022-05-31 18:11:25"
"incentivize","327106100","5d82de0beecd2a000198dd3a","0","G","1","-1","1","10","1","2022-05-31 18:11:25"
"incentivize2","1874870874","60979b540a2cf2468fde514b","0","4","1","0","1","80","1","2022-05-31 18:11:42"
"incentivize","2147483647","60ddc6cf3e04111115200984","0","2","-1","0","1","26","-1","2022-05-31 18:11:46"
"incentivize2","2147483647","61086c2bfda98ba5d75b9db4","0","H","-1","-1","2","0","0","2022-05-31 18:11:55"
"incentivize","2147483647","5e5aa39b15b8d429d07abfd4","0","16","1","0","1","75","1","2022-05-31 18:12:15"
"incentivize","2147483647","5faab9fa1c6cce487d370981","0","15","-1","0","1","106","-1","2022-05-31 18:12:20"
"incentivize2","2147483647","6074de03363deb52b54eccf4","0","12","-1","0","1","111","-1","2022-05-31 18:12:28"
"incentivize2","2147483647","627e7906b82dabdbe672cdd1","0","4","1","0","1","59","1","2022-05-31 18:12:33"
"incentivize","830677714","60f86773e1cc7868421ee9d8","0","J","1","-2","1","2","1","2022-05-31 18:12:38"
"incentivize2","2147483647","609594df07c06a009e5e1c1d","0","K","1","-1","2","1","0","2022-05-31 18:12:42"
"incentivize2","2147483647","6171b1bc917dfe828a3130dd","0","5","1","0","1","17","1","2022-05-31 18:12:44"
"incentivize","2147483647","615244e111aefca2b42a35f9","0","14","1","0","1","114","1","2022-05-31 18:12:44"
"incentivize","2147483647","5f7506afbadfcf169784f466","0","14","1","0","1","42","1","2022-05-31 18:12:45"
"incentivize2","2147483647","5e5eb4843accc91e2443212f","0","P","1","-1","2","7","0","2022-05-31 18:12:47"
"incentivize2","2147483647","6172c19ff79e4bec69b80c10","0","5","1","0","1","30","1","2022-05-31 18:12:52"
"incentivize2","1175093423","5db31089a1f8d3000c10a6c5","0","J","1","-1","2","7","0","2022-05-31 18:12:53"
"incentivize","2147483647","60c048ca962103e0da201a34","0","11","1","0","1","58","1","2022-05-31 18:12:54"
"incentivize2","2147483647","60fc82ec40d698e0b433e1c1","0","16","1","0","1","35","1","2022-05-31 18:12:56"
"incentivize","327106100","5d82de0beecd2a000198dd3a","0","0.8","1","-1","2","8","2","2022-05-31 18:13:10"
"incentivize2","2147483647","5c845031d6a29e00162edf7d","0","11","1","0","1","48","1","2022-05-31 18:13:16"
"incentivize","1848711025","5e57a0020c3c6a14a1624031","0","8","-1","0","1","117","-1","2022-05-31 18:13:17"
"incentivize","2147483647","60ddfb3db6a71ad9ba75e387","0","11","1","0","1","13","1","2022-05-31 18:13:24"
"incentivize","942561113","613e18e92e4ed15176362aa2","0","17","-1","0","1","57","-1","2022-05-31 18:13:28"
"incentivize","830677714","60f86773e1cc7868421ee9d8","0","O","1","-2","2","5","2","2022-05-31 18:13:29"
"incentivize2","2147483647","60fdb9bad55eb8c5b67f18f4","0","11","-1","0","1","29","-1","2022-05-31 18:13:47"
"incentivize2","2147483647","61687ebcd2a35ffb762d1928","0","O","-1","-1","2","7","-2","2022-05-31 18:13:55"
"incentivize2","2147483647","609149626cec7ae4d533b9b0","0","H","-1","-2","1","4","-1","2022-05-31 18:14:00"
"incentivize","2147483647","6099132b6d152b812fdc911c","0","5","1","0","2","69","2","2022-05-31 18:14:12"
"incentivize2","2147483647","5eeb4be60e1a002243b3c096","0","17","1","0","1","63","1","2022-05-31 18:14:14"
"incentivize2","2147483647","6050def7e8e7c6c1efb45fac","0","K","-1","-1","2","0","-2","2022-05-31 18:14:18"
"incentivize","711361880","606c7d27f4f3ae688332a55d","0","F","1","-1","1","5","1","2022-05-31 18:14:24"
"incentivize2","1199712216","5d069530ad18d40019bb768f","0","2","1","0","2","100","2","2022-05-31 18:14:49"
"incentivize","2147483647","60ca0a178a861accb4161f1b","0","17","1","0","2","33","2","2022-05-31 18:14:51"
"incentivize2","2147483647","60e9ea97d19e613e60a994da","0","14","-1","0","1","22","-1","2022-05-31 18:14:53"
"incentivize","2147483647","5f806f22e8159d0913945e35","0","2","-1","0","1","10","-1","2022-05-31 18:15:03"
"incentivize2","2147483647","609149626cec7ae4d533b9b0","0","M","1","-2","2","3","0","2022-05-31 18:15:25"
"incentivize2","2147483647","603fc30024a4160d72b0f1b8","0","10","1","0","2","44","0","2022-05-31 18:15:31"
"incentivize2","2147483647","604ce6075c751bc1e1a11dd5","0","9","1","0","1","102","1","2022-05-31 18:15:41"
"incentivize","2147483647","616ffbfe7b44b1236b1fc24e","0","11","1","0","2","137","0","2022-05-31 18:15:43"
"incentivize","2147483647","6069dc93673768fac8822472","0","14","1","0","2","106","2","2022-05-31 18:15:48"
"incentivize","1306587537","5f84dba8c455331b7be18ab2","0","0.2","1","0","2","126","2","2022-05-31 18:16:02"
"incentivize2","2147483647","60ef5b1cf52939a80af77543","0","5","-1","0","1","9","-1","2022-05-31 18:16:10"
"incentivize2","2147483647","60e4dde24ae3ef466418b19f","0","9","-1","0","1","62","-1","2022-05-31 18:16:19"
"incentivize2","2147483647","605bd0169853b502f34b51c3","0","15","1","0","2","26","2","2022-05-31 18:16:32"
"incentivize2","2147483647","5e1ce5942923360769c7af3a","0","12","1","0","2","124","2","2022-05-31 18:16:33"
"incentivize","2147483647","60ec51c51a3158a50ded8a3e","0","17","-1","0","2","105","0","2022-05-31 18:16:36"
"incentivize","2147483647","609a54b96c38edbbf5e48251","0","1","1","0","2","68","0","2022-05-31 18:16:40"
"incentivize","2147483647","60ecb41a4a9023db55e9c061","0","10","-1","0","1","25","-1","2022-05-31 18:16:48"
"incentivize","2147483647","5d3ef33e8da0790017c90e08","0","5","1","0","2","138","0","2022-05-31 18:16:49"
"incentivize","2147483647","60e0e2d9a207ba546969b432","0","0.4","1","0","2","62","2","2022-05-31 18:16:56"
"incentivize","2147483647","61278ed955c9c0f27457ae1b","0","13","-1","0","1","15","-1","2022-05-31 18:16:57"
"incentivize","2147483647","611e2a711b31e24b7133813c","0","F","1","-1","1","4","1","2022-05-31 18:17:02"
"incentivize2","2147483647","5f3ee8fb5f0cc21a519fb0c2","0","6","1","0","1","77","1","2022-05-31 18:17:05"
"incentivize","2147483647","5ee4273dba332e11f6e28676","0","17","1","0","1","42","1","2022-05-31 18:17:18"
"incentivize","711361880","606c7d27f4f3ae688332a55d","0","1","1","-1","2","7","2","2022-05-31 18:17:19"
"incentivize","2147483647","5c38d25078687a0001db8633","0","5","1","0","2","28","2","2022-05-31 18:17:29"
"incentivize2","1993714535","617472a275f3c78a60844d68","0","11","1","0","2","32","2","2022-05-31 18:17:44"
"incentivize2","2147483647","5a86e1a4eea3d300016e7981","0","7","1","0","2","66","2","2022-05-31 18:17:52"
"incentivize","2147483647","602d29200724e36ae7a9def2","0","I","1","-1","1","4","1","2022-05-31 18:18:01"
"incentivize","2147483647","5f7d002d141e4e1c0e84e98e","0","9","1","0","2","108","2","2022-05-31 18:18:07"
"incentivize2","2093609258","615fe53328089522ce2661ed","0","0.8","1","0","2","47","0","2022-05-31 18:18:10"
"incentivize2","548521417","5f653cb18aad310a9ee7c32d","0","10","1","0","2","98","2","2022-05-31 18:18:12"
"incentivize2","2147483647","5ea96886ef7ece0604eee527","0","11","1","0","2","74","2","2022-05-31 18:18:30"
"incentivize","2147483647","611bb2a6d9678117db737236","0","4","1","0","2","116","2","2022-05-31 18:18:42"
"incentivize2","2147483647","60535adfff835194160cd3bb","0","17","1","0","2","74","2","2022-05-31 18:18:56"
"incentivize2","2147483647","6116a378612ec47c9335f3ed","0","7","1","0","1","67","1","2022-05-31 18:18:57"
"incentivize","1179698444","60da187630a6c49f4f44d058","0","8","1","0","2","109","2","2022-05-31 18:19:08"
"incentivize2","2147483647","614b7fbcc3233152845dc3c6","0","10","1","0","1","91","1","2022-05-31 18:19:12"
"incentivize2","2147483647","5fe24ba323b19bdc9d2f2d18","0","14","-1","0","2","126","-2","2022-05-31 18:19:12"
"incentivize","2147483647","602f69ce775c55c4b3ceeabb","0","0.8","1","0","2","78","0","2022-05-31 18:19:14"
"incentivize","2147483647","5f2d14d99d93bf265393b8ac","0","0.6","1","0","2","76","2","2022-05-31 18:19:16"
"incentivize2","2147483647","611cb646fc99d84182086c18","0","15","-1","0","1","111","-1","2022-05-31 18:19:19"
"incentivize2","2147483647","6086bce92a8e1c219a9120c5","0","14","-1","0","2","109","0","2022-05-31 18:19:22"
"incentivize","2147483647","614468965cba9b8f734f0d60","0","12","1","0","2","73","2","2022-05-31 18:19:23"
"incentivize2","2147483647","6171b1bc917dfe828a3130dd","0","8","-1","0","2","88","0","2022-05-31 18:19:37"
"incentivize2","2147483647","6172c19ff79e4bec69b80c10","0","8","-1","0","2","72","0","2022-05-31 18:19:57"
"incentivize2","2147483647","6074de03363deb52b54eccf4","0","3","-1","0","2","54","-2","2022-05-31 18:19:58"
"incentivize","2147483647","5f516d96bf6cde3b04b94b69","0","P","1","-1","1","5","1","2022-05-31 18:20:11"
"incentivize","2147483647","60b9b66f3b3795d796a82ee6","0","0.6","1","0","2","113","2","2022-05-31 18:20:11"
"incentivize","2147483647","5eea1be10e95520beb9fa654","0","8","-1","0","2","136","0","2022-05-31 18:20:19"
"incentivize2","2147483647","5f60713e595007000a8e1da7","0","10","1","0","1","71","1","2022-05-31 18:20:36"
"incentivize","2147483647","5c7171ddbc6ab00001d7ad90","0","16","1","0","2","42","0","2022-05-31 18:20:44"
"incentivize","1848711025","5e57a0020c3c6a14a1624031","0","5","-1","0","2","109","-2","2022-05-31 18:20:49"
"incentivize","2147483647","60ddc6cf3e04111115200984","0","1","1","0","2","60","0","2022-05-31 18:20:51"
"incentivize","2147483647","611e2a711b31e24b7133813c","0","F","1","-1","2","1","2","2022-05-31 18:20:56"
"incentivize","2147483647","5f7506afbadfcf169784f466","0","17","-1","0","2","61","0","2022-05-31 18:21:14"
"incentivize","2147483647","60b6c415dbda3236ea22455a","0","H","-1","-1","1","5","-1","2022-05-31 18:21:20"
"incentivize2","2147483647","627e7906b82dabdbe672cdd1","0","2","1","0","2","45","2","2022-05-31 18:21:21"
"incentivize2","2147483647","5c845031d6a29e00162edf7d","0","15","1","0","2","49","2","2022-05-31 18:21:25"
"incentivize","2147483647","610185b659db06a83c4e634a","0","9","1","0","2","89","2","2022-05-31 18:21:33"
"incentivize2","64983248","60f2c01eda767e48b6c2830a","0","0.3","1","0","2","62","2","2022-05-31 18:21:41"
"incentivize","2147483647","60ddfb3db6a71ad9ba75e387","0","16","1","0","2","106","2","2022-05-31 18:21:54"
"incentivize2","1175093423","5db31089a1f8d3000c10a6c5","0","6","-1","0","1","20","-1","2022-05-31 18:21:58"
"incentivize","2147483647","602d29200724e36ae7a9def2","0","E","-1","-1","2","6","0","2022-05-31 18:22:09"
"incentivize","2147483647","5faab9fa1c6cce487d370981","0","7","1","0","2","92","0","2022-05-31 18:22:11"
"incentivize2","2147483647","60e9ea97d19e613e60a994da","0","15","-1","0","2","50","-2","2022-05-31 18:22:21"
"incentivize2","1874870874","60979b540a2cf2468fde514b","0","6","1","0","2","80","2","2022-05-31 18:22:27"
"incentivize2","2147483647","5eeb4be60e1a002243b3c096","0","2","-1","0","2","82","0","2022-05-31 18:22:29"
"incentivize","2147483647","5e5aa39b15b8d429d07abfd4","0","6","1","0","2","86","2","2022-05-31 18:22:41"
"incentivize2","2147483647","60ef5b1cf52939a80af77543","0","-0.2","1","0","2","88","0","2022-05-31 18:22:46"
"incentivize","830677714","60f86773e1cc7868421ee9d8","0","12","-1","0","1","75","-1","2022-05-31 18:22:50"
"incentivize","2147483647","6099132b6d152b812fdc911c","0","17","1","1","1","0","3","2022-05-31 18:22:57"
"incentivize","942561113","613e18e92e4ed15176362aa2","0","0","1","0","2","43","0","2022-05-31 18:23:01"
"incentivize","2147483647","60ca0a178a861accb4161f1b","0","8","1","1","1","24","3","2022-05-31 18:23:03"
"incentivize","327106100","5d82de0beecd2a000198dd3a","0","6","1","0","1","39","1","2022-05-31 18:23:06"
"incentivize","2147483647","60b6c415dbda3236ea22455a","0","F","-1","-1","2","3","-2","2022-05-31 18:23:07"
"incentivize2","2147483647","60fdb9bad55eb8c5b67f18f4","0","14","1","0","2","76","0","2022-05-31 18:23:18"
"incentivize2","2147483647","60e4dde24ae3ef466418b19f","0","11","-1","0","2","26","-2","2022-05-31 18:23:18"
"incentivize2","2147483647","609594df07c06a009e5e1c1d","0","14","-1","0","1","73","-1","2022-05-31 18:23:18"
"incentivize","2147483647","5f516d96bf6cde3b04b94b69","0","0","-1","-1","2","1","0","2022-05-31 18:23:20"
"incentivize2","2147483647","60fc82ec40d698e0b433e1c1","0","0.4","1","0","2","24","2","2022-05-31 18:23:51"
"incentivize2","1199712216","5d069530ad18d40019bb768f","0","16","1","1","1","15","3","2022-05-31 18:23:56"
"incentivize","2147483647","615244e111aefca2b42a35f9","0","10","-1","0","2","31","0","2022-05-31 18:23:58"
"incentivize","2147483647","60c048ca962103e0da201a34","0","0.8","1","0","2","7","2","2022-05-31 18:24:00"
"incentivize2","2147483647","6050def7e8e7c6c1efb45fac","0","9","1","0","1","22","1","2022-05-31 18:24:22"
"incentivize2","2147483647","5e5eb4843accc91e2443212f","0","2","-1","0","1","81","-1","2022-05-31 18:24:37"
"incentivize2","2147483647","603fc30024a4160d72b0f1b8","0","16","1","1","1","3","1","2022-05-31 18:24:40"
"incentivize2","2147483647","5f3ee8fb5f0cc21a519fb0c2","0","10","1","0","2","83","2","2022-05-31 18:24:49"
"incentivize","2147483647","6069dc93673768fac8822472","0","13","1","1","1","17","3","2022-05-31 18:24:49"
"incentivize","2147483647","60ec51c51a3158a50ded8a3e","0","9","1","1","1","48","1","2022-05-31 18:24:52"
"incentivize2","2147483647","609149626cec7ae4d533b9b0","0","12","1","0","1","84","1","2022-05-31 18:25:30"
"incentivize2","2147483647","604ce6075c751bc1e1a11dd5","0","4","-1","0","2","99","0","2022-05-31 18:25:30"
"incentivize2","2147483647","615d5b821a79847e2b342374","0","17","1","0","1","109","1","2022-05-31 18:25:31"
"incentivize","711361880","606c7d27f4f3ae688332a55d","0","4","1","0","1","5","1","2022-05-31 18:25:40"
"incentivize","1306587537","5f84dba8c455331b7be18ab2","0","12","-1","1","1","82","1","2022-05-31 18:25:41"
"incentivize2","2147483647","5e1ce5942923360769c7af3a","0","13","-1","1","1","23","1","2022-05-31 18:25:47"
"incentivize2","2147483647","61086c2bfda98ba5d75b9db4","0","3","1","0","1","65","1","2022-05-31 18:25:52"
"incentivize","2147483647","616ffbfe7b44b1236b1fc24e","0","16","1","1","1","44","1","2022-05-31 18:25:52"
"incentivize","2147483647","60e0e2d9a207ba546969b432","0","10","1","1","1","43","3","2022-05-31 18:25:53"
"incentivize2","2147483647","6116a378612ec47c9335f3ed","0","0.3","1","0","2","43","2","2022-05-31 18:26:05"
"incentivize","2147483647","5d3ef33e8da0790017c90e08","0","8","1","1","1","16","1","2022-05-31 18:26:05"
"incentivize2","2147483647","605bd0169853b502f34b51c3","0","17","-1","1","1","57","1","2022-05-31 18:26:06"
"incentivize2","1993714535","617472a275f3c78a60844d68","0","15","1","1","1","73","3","2022-05-31 18:26:57"
"incentivize","2147483647","5ee4273dba332e11f6e28676","0","16","1","0","2","65","2","2022-05-31 18:27:09"
"incentivize","2147483647","609a54b96c38edbbf5e48251","0","15","-1","1","1","25","-1","2022-05-31 18:27:24"
"incentivize","2147483647","5f806f22e8159d0913945e35","0","1","1","0","2","109","0","2022-05-31 18:27:26"
"incentivize","2147483647","5f7d002d141e4e1c0e84e98e","0","3","1","1","1","20","3","2022-05-31 18:27:31"
"incentivize","2147483647","61278ed955c9c0f27457ae1b","0","16","-1","0","2","76","-2","2022-05-31 18:27:42"
"incentivize","2147483647","5c38d25078687a0001db8633","0","11","1","1","1","44","3","2022-05-31 18:28:04"
"incentivize","1179698444","60da187630a6c49f4f44d058","0","12","1","1","1","118","3","2022-05-31 18:28:05"
"incentivize2","548521417","5f653cb18aad310a9ee7c32d","0","14","1","1","1","102","3","2022-05-31 18:28:14"
"incentivize2","2147483647","5ea96886ef7ece0604eee527","0","6","1","1","1","113","3","2022-05-31 18:28:15"
"incentivize2","2093609258","615fe53328089522ce2661ed","0","2","1","1","1","52","1","2022-05-31 18:28:22"
"incentivize2","2147483647","5f60713e595007000a8e1da7","0","0.2","1","0","2","20","2","2022-05-31 18:28:30"
"incentivize","2147483647","60ecb41a4a9023db55e9c061","0","9","1","0","2","44","0","2022-05-31 18:28:31"
"incentivize2","2147483647","614b7fbcc3233152845dc3c6","0","13","-1","0","2","112","0","2022-05-31 18:28:33"
"incentivize2","2147483647","6171b1bc917dfe828a3130dd","0","2","1","1","1","37","1","2022-05-31 18:28:53"
"incentivize","2147483647","5f2d14d99d93bf265393b8ac","0","16","1","1","1","7","3","2022-05-31 18:28:53"
"incentivize2","2147483647","5a86e1a4eea3d300016e7981","0","5","1","1","1","21","3","2022-05-31 18:29:02"
"incentivize","2147483647","614468965cba9b8f734f0d60","0","7","1","1","1","110","3","2022-05-31 18:29:04"
"incentivize","2147483647","611bb2a6d9678117db737236","0","7","1","1","1","20","3","2022-05-31 18:29:10"
"incentivize","2147483647","602f69ce775c55c4b3ceeabb","0","11","1","1","1","93","1","2022-05-31 18:29:14"
"incentivize","1848711025","5e57a0020c3c6a14a1624031","0","6","1","1","1","80","-1","2022-05-31 18:29:15"
"incentivize","2147483647","60ca0a178a861accb4161f1b","0","5","1","1","2","39","4","2022-05-31 18:29:16"
"incentivize","2147483647","6099132b6d152b812fdc911c","0","12","-1","1","2","121","2","2022-05-31 18:29:24"
"incentivize2","2147483647","60535adfff835194160cd3bb","0","15","-1","1","1","38","1","2022-05-31 18:29:28"
"incentivize2","2147483647","5fe24ba323b19bdc9d2f2d18","0","2","-1","1","1","44","-3","2022-05-31 18:29:35"
"incentivize2","2147483647","6074de03363deb52b54eccf4","0","16","1","1","1","92","-1","2022-05-31 18:29:44"
"incentivize","2147483647","60ddc6cf3e04111115200984","0","13","-1","1","1","90","-1","2022-05-31 18:29:55"
"incentivize","2147483647","5eea1be10e95520beb9fa654","0","6","1","1","1","96","1","2022-05-31 18:29:55"
"incentivize2","2147483647","6172c19ff79e4bec69b80c10","0","10","-1","1","1","83","-1","2022-05-31 18:29:56"
"incentivize","2147483647","60b9b66f3b3795d796a82ee6","0","4","1","1","1","19","3","2022-05-31 18:30:10"
"incentivize2","2147483647","6086bce92a8e1c219a9120c5","0","5","1","1","1","92","1","2022-05-31 18:30:18"
"incentivize","2147483647","5f7506afbadfcf169784f466","0","16","1","1","1","80","1","2022-05-31 18:30:31"
"incentivize2","1175093423","5db31089a1f8d3000c10a6c5","0","0.1","1","0","2","12","0","2022-05-31 18:30:49"
"incentivize2","2147483647","5c845031d6a29e00162edf7d","0","16","1","1","1","44","3","2022-05-31 18:30:55"
"incentivize","2147483647","60ec51c51a3158a50ded8a3e","0","2","1","1","2","77","2","2022-05-31 18:31:21"
"incentivize2","2147483647","5eeb4be60e1a002243b3c096","0","7","1","1","1","39","1","2022-05-31 18:31:22"
"incentivize2","1199712216","5d069530ad18d40019bb768f","0","0.2","-1","1","2","19","2","2022-05-31 18:31:29"
"incentivize","2147483647","6069dc93673768fac8822472","0","0.3","-1","1","2","34","2","2022-05-31 18:31:33"
"incentivize2","2147483647","609594df07c06a009e5e1c1d","0","4","1","0","2","35","0","2022-05-31 18:31:48"
"incentivize","2147483647","60ddfb3db6a71ad9ba75e387","0","12","1","1","1","16","3","2022-05-31 18:31:49"
"incentivize2","2147483647","60e9ea97d19e613e60a994da","0","5","1","1","1","45","-1","2022-05-31 18:31:54"
"incentivize2","2147483647","56de005e6893b5000ce95d71","0","8","1","0","1","83","1","2022-05-31 18:31:58"
"incentivize2","2147483647","60e4dde24ae3ef466418b19f","0","12","1","1","1","28","-1","2022-05-31 18:32:08"
"incentivize2","64983248","60f2c01eda767e48b6c2830a","0","16","1","1","1","17","3","2022-05-31 18:32:19"
"incentivize2","2147483647","61687ebcd2a35ffb762d1928","0","17","-1","0","1","60","-1","2022-05-31 18:32:32"
"incentivize2","2147483647","60ef5b1cf52939a80af77543","0","17","1","1","1","53","1","2022-05-31 18:32:43"
"incentivize2","2147483647","603fc30024a4160d72b0f1b8","0","7","-1","1","2","31","0","2022-05-31 18:32:47"
"incentivize2","2147483647","627e7906b82dabdbe672cdd1","0","9","1","1","1","94","3","2022-05-31 18:32:56"
"incentivize","2147483647","5d3ef33e8da0790017c90e08","0","17","1","1","2","36","2","2022-05-31 18:33:03"
"incentivize","830677714","60f86773e1cc7868421ee9d8","0","-0.6","-1","0","2","148","-2","2022-05-31 18:33:20"
"incentivize","1306587537","5f84dba8c455331b7be18ab2","0","17","-1","1","2","108","0","2022-05-31 18:33:28"
"incentivize","2147483647","5e5aa39b15b8d429d07abfd4","0","9","1","1","1","48","3","2022-05-31 18:33:56"
"incentivize","327106100","5d82de0beecd2a000198dd3a","0","0.8","1","0","2","136","2","2022-05-31 18:33:59"
"incentivize2","2147483647","5f3ee8fb5f0cc21a519fb0c2","0","17","1","1","1","101","3","2022-05-31 18:34:06"
"incentivize","2147483647","5faab9fa1c6cce487d370981","0","2","1","1","1","66","1","2022-05-31 18:34:09"
"incentivize2","2147483647","60fdb9bad55eb8c5b67f18f4","0","3","1","1","1","49","1","2022-05-31 18:34:13"
"incentivize2","2147483647","605bd0169853b502f34b51c3","0","0.8","1","1","2","148","2","2022-05-31 18:34:15"
"incentivize","711361880","606c7d27f4f3ae688332a55d","0","14","1","0","2","80","2","2022-05-31 18:34:18"
"incentivize","2147483647","5f516d96bf6cde3b04b94b69","0","6","-1","0","1","81","-1","2022-05-31 18:34:23"
"incentivize2","1874870874","60979b540a2cf2468fde514b","0","10","1","1","1","9","3","2022-05-31 18:34:30"
"incentivize2","2147483647","5e1ce5942923360769c7af3a","0","6","1","1","2","119","2","2022-05-31 18:34:33"
"incentivize","2147483647","611e2a711b31e24b7133813c","0","15","1","0","1","104","1","2022-05-31 18:34:34"
"incentivize2","2147483647","61086c2bfda98ba5d75b9db4","0","-0.3","-1","0","2","20","0","2022-05-31 18:34:38"
"incentivize2","2147483647","5e5eb4843accc91e2443212f","0","8","1","0","2","1","0","2022-05-31 18:34:39"
"incentivize","1179698444","60da187630a6c49f4f44d058","0","11","-1","1","2","120","2","2022-05-31 18:34:40"
"incentivize","942561113","613e18e92e4ed15176362aa2","0","4","1","1","1","64","1","2022-05-31 18:34:43"
"incentivize","2147483647","602d29200724e36ae7a9def2","0","15","-1","0","1","30","-1","2022-05-31 18:34:44"
"incentivize","2147483647","5f7d002d141e4e1c0e84e98e","0","7","1","1","2","126","4","2022-05-31 18:34:48"
"incentivize2","2147483647","609149626cec7ae4d533b9b0","0","12","-1","0","2","103","0","2022-05-31 18:34:57"
"incentivize","2147483647","60e0e2d9a207ba546969b432","0","10","1","1","2","61","4","2022-05-31 18:34:59"
"incentivize2","1993714535","617472a275f3c78a60844d68","0","1","1","1","2","23","4","2022-05-31 18:35:06"
"incentivize","2147483647","615244e111aefca2b42a35f9","0","5","-1","1","1","0","-1","2022-05-31 18:35:10"
"incentivize","2147483647","5f2d14d99d93bf265393b8ac","0","13","1","1","2","4","4","2022-05-31 18:35:14"
"incentivize","1848711025","5e57a0020c3c6a14a1624031","0","10","1","1","2","4","0","2022-05-31 18:35:20"
"incentivize","2147483647","610185b659db06a83c4e634a","0","16","1","1","1","94","3","2022-05-31 18:35:21"
"incentivize2","2147483647","6116a378612ec47c9335f3ed","0","11","1","1","1","22","3","2022-05-31 18:35:23"
"incentivize","2147483647","5c38d25078687a0001db8633","0","14","1","1","2","101","4","2022-05-31 18:35:32"
"incentivize","2147483647","60b6c415dbda3236ea22455a","0","13","1","0","1","78","1","2022-05-31 18:35:37"
"incentivize2","2147483647","6050def7e8e7c6c1efb45fac","0","7","-1","0","2","99","0","2022-05-31 18:35:42"
"incentivize2","2147483647","611cb646fc99d84182086c18","0","16","1","0","2","106","0","2022-05-31 18:35:54"
"incentivize2","2147483647","60fc82ec40d698e0b433e1c1","0","8","-1","1","1","70","1","2022-05-31 18:36:05"
"incentivize","2147483647","611bb2a6d9678117db737236","0","9","1","1","2","110","4","2022-05-31 18:36:17"
"incentivize","2147483647","616ffbfe7b44b1236b1fc24e","0","13","1","1","2","125","2","2022-05-31 18:36:25"
"incentivize","2147483647","609a54b96c38edbbf5e48251","0","0.1","1","1","2","54","0","2022-05-31 18:36:27"
"incentivize2","548521417","5f653cb18aad310a9ee7c32d","0","0.6","1","1","2","18","4","2022-05-31 18:36:47"
"incentivize","2147483647","614468965cba9b8f734f0d60","0","13","1","1","2","121","4","2022-05-31 18:36:51"
"incentivize2","2147483647","604ce6075c751bc1e1a11dd5","0","6","1","1","1","13","1","2022-05-31 18:36:57"
"incentivize","2147483647","60c048ca962103e0da201a34","0","17","1","1","1","9","3","2022-05-31 18:37:00"
"incentivize","2147483647","60ddc6cf3e04111115200984","0","0.2","1","1","2","52","0","2022-05-31 18:37:10"
"incentivize2","2147483647","615d5b821a79847e2b342374","0","0.3","1","0","2","93","2","2022-05-31 18:37:19"
"incentivize","2147483647","602f69ce775c55c4b3ceeabb","0","3","1","1","2","87","2","2022-05-31 18:37:27"
"incentivize2","2147483647","5ea96886ef7ece0604eee527","0","0.2","-1","1","2","48","2","2022-05-31 18:37:31"
"incentivize2","2147483647","6074de03363deb52b54eccf4","0","0.4","-1","1","2","5","-2","2022-05-31 18:37:35"
"incentivize","2147483647","60b9b66f3b3795d796a82ee6","0","0.1","-1","1","2","66","2","2022-05-31 18:37:38"
"incentivize2","2147483647","5fe24ba323b19bdc9d2f2d18","0","3","-1","1","2","116","-4","2022-05-31 18:37:56"
"incentivize2","2147483647","6172c19ff79e4bec69b80c10","0","10","1","1","2","16","0","2022-05-31 18:38:02"
"incentivize","2147483647","5f806f22e8159d0913945e35","0","9","1","1","1","102","1","2022-05-31 18:38:14"
"incentivize","2147483647","5f7506afbadfcf169784f466","0","13","-1","1","2","67","0","2022-05-31 18:38:18"
"incentivize2","2147483647","5f60713e595007000a8e1da7","0","6","1","1","1","39","3","2022-05-31 18:38:19"
"incentivize2","2093609258","615fe53328089522ce2661ed","0","15","1","1","2","31","2","2022-05-31 18:38:19"
"incentivize","2147483647","5eea1be10e95520beb9fa654","0","6","1","1","2","83","2","2022-05-31 18:38:20"
"incentivize2","2147483647","614b7fbcc3233152845dc3c6","0","16","-1","1","1","78","-1","2022-05-31 18:38:47"
"incentivize2","2147483647","5a86e1a4eea3d300016e7981","0","0","1","1","2","52","4","2022-05-31 18:38:58"
"incentivize2","2147483647","60535adfff835194160cd3bb","0","0.4","1","1","2","43","2","2022-05-31 18:39:08"
"incentivize","2147483647","60ddfb3db6a71ad9ba75e387","0","9","1","1","2","74","4","2022-05-31 18:39:24"
"incentivize2","2147483647","56de005e6893b5000ce95d71","0","13","-1","0","2","4","0","2022-05-31 18:39:36"
"incentivize2","2147483647","60e9ea97d19e613e60a994da","0","5","1","1","2","30","0","2022-05-31 18:39:42"
"incentivize2","2147483647","6171b1bc917dfe828a3130dd","0","0.4","1","1","2","36","2","2022-05-31 18:39:44"
"incentivize","2147483647","61278ed955c9c0f27457ae1b","0","5","1","1","1","94","-1","2022-05-31 18:39:56"
"incentivize2","2147483647","5eeb4be60e1a002243b3c096","0","7","1","1","2","92","2","2022-05-31 18:40:03"
"incentivize2","2147483647","60e4dde24ae3ef466418b19f","0","0.4","-1","1","2","149","-2","2022-05-31 18:40:26"
"incentivize2","64983248","60f2c01eda767e48b6c2830a","0","12","1","1","2","69","4","2022-05-31 18:40:35"
"incentivize","2147483647","5faab9fa1c6cce487d370981","0","8","1","1","2","72","2","2022-05-31 18:41:27"
"incentivize","2147483647","5e5aa39b15b8d429d07abfd4","0","0.8","1","1","2","31","4","2022-05-31 18:41:46"
"incentivize","2147483647","60ecb41a4a9023db55e9c061","0","3","1","1","1","79","1","2022-05-31 18:42:14"
"incentivize2","2147483647","61687ebcd2a35ffb762d1928","0","0.1","1","0","2","121","0","2022-05-31 18:42:26"
"incentivize","2147483647","5ee4273dba332e11f6e28676","0","14","1","1","1","17","3","2022-05-31 18:42:33"
"incentivize2","2147483647","5f3ee8fb5f0cc21a519fb0c2","0","1","1","1","2","109","4","2022-05-31 18:42:39"
"incentivize2","1175093423","5db31089a1f8d3000c10a6c5","0","11","1","1","1","5","1","2022-05-31 18:42:55"
"incentivize2","2147483647","6086bce92a8e1c219a9120c5","0","10","1","1","2","15","2","2022-05-31 18:43:02"
"incentivize","942561113","613e18e92e4ed15176362aa2","0","11","1","1","2","9","2","2022-05-31 18:43:15"
"incentivize2","2147483647","6116a378612ec47c9335f3ed","0","14","-1","1","2","144","2","2022-05-31 18:43:22"
"incentivize","2147483647","615244e111aefca2b42a35f9","0","2","-1","1","2","21","-2","2022-05-31 18:43:30"
"incentivize2","2147483647","627e7906b82dabdbe672cdd1","0","9","1","1","2","1","4","2022-05-31 18:44:06"
"incentivize","2147483647","610185b659db06a83c4e634a","0","17","1","1","2","96","4","2022-05-31 18:44:07"
"incentivize","711361880","606c7d27f4f3ae688332a55d","0","17","1","1","1","98","3","2022-05-31 18:44:11"
"incentivize","830677714","60f86773e1cc7868421ee9d8","0","3","-1","1","1","35","-3","2022-05-31 18:44:22"
"incentivize","2147483647","5f516d96bf6cde3b04b94b69","0","17","1","0","2","137","0","2022-05-31 18:44:22"
"incentivize2","2147483647","60ef5b1cf52939a80af77543","0","16","1","1","2","54","2","2022-05-31 18:44:27"
"incentivize2","2147483647","60fdb9bad55eb8c5b67f18f4","0","13","1","1","2","72","2","2022-05-31 18:44:45"
"incentivize","2147483647","611e2a711b31e24b7133813c","0","17","-1","0","2","20","0","2022-05-31 18:44:46"
"incentivize","327106100","5d82de0beecd2a000198dd3a","0","13","1","1","1","97","3","2022-05-31 18:44:56"
"incentivize2","2147483647","609594df07c06a009e5e1c1d","0","13","1","1","1","2","1","2022-05-31 18:45:11"
"incentivize2","2147483647","5c845031d6a29e00162edf7d","0","0.2","-1","1","2","111","2","2022-05-31 18:45:22"
"incentivize2","2147483647","61086c2bfda98ba5d75b9db4","0","11","1","1","1","109","1","2022-05-31 18:45:50"
"incentivize2","2147483647","611cb646fc99d84182086c18","0","13","-1","1","1","80","-1","2022-05-31 18:45:57"
"incentivize2","2147483647","609149626cec7ae4d533b9b0","0","7","-1","1","1","24","-1","2022-05-31 18:46:09"
"incentivize2","2147483647","604ce6075c751bc1e1a11dd5","0","1","1","1","2","69","2","2022-05-31 18:46:16"
"incentivize","2147483647","602d29200724e36ae7a9def2","0","10","1","0","2","2","0","2022-05-31 18:46:34"
"incentivize","2147483647","60c048ca962103e0da201a34","0","0.4","1","1","2","84","4","2022-05-31 18:47:06"
"incentivize2","2147483647","5f60713e595007000a8e1da7","0","14","1","1","2","69","4","2022-05-31 18:47:27"
"incentivize2","1874870874","60979b540a2cf2468fde514b","0","-0.2","-1","1","2","108","2","2022-05-31 18:47:38"
"incentivize2","2147483647","5e5eb4843accc91e2443212f","0","3","1","1","1","89","1","2022-05-31 18:47:50"
"incentivize2","2147483647","614b7fbcc3233152845dc3c6","0","14","-1","1","2","134","-2","2022-05-31 18:47:51"
"incentivize","2147483647","61278ed955c9c0f27457ae1b","0","4","1","1","2","20","0","2022-05-31 18:48:31"
"incentivize","2147483647","60ecb41a4a9023db55e9c061","0","13","1","1","2","101","2","2022-05-31 18:50:24"
"incentivize2","2147483647","6050def7e8e7c6c1efb45fac","0","4","-1","1","1","118","-1","2022-05-31 18:50:53"
"incentivize2","2147483647","56de005e6893b5000ce95d71","0","6","-1","1","1","13","-1","2022-05-31 18:50:53"
"incentivize","2147483647","5f806f22e8159d0913945e35","0","9","1","1","2","123","2","2022-05-31 18:50:57"
"incentivize","2147483647","5ee4273dba332e11f6e28676","0","3","-1","1","2","125","2","2022-05-31 18:51:05"
"incentivize2","2147483647","60fc82ec40d698e0b433e1c1","0","14","1","1","2","145","2","2022-05-31 18:51:35"
"incentivize","711361880","606c7d27f4f3ae688332a55d","0","3","-1","1","2","18","2","2022-05-31 18:52:01"
"incentivize2","1175093423","5db31089a1f8d3000c10a6c5","0","0","-1","1","2","21","0","2022-05-31 18:52:24"
"incentivize","327106100","5d82de0beecd2a000198dd3a","0","13","-1","1","2","64","2","2022-05-31 18:52:38"
"incentivize","830677714","60f86773e1cc7868421ee9d8","0","4","1","1","2","24","-2","2022-05-31 18:53:20"
"incentivize2","2147483647","615d5b821a79847e2b342374","0","11","1","1","1","39","3","2022-05-31 18:54:12"
"incentivize2","2147483647","609594df07c06a009e5e1c1d","0","1","1","1","2","54","2","2022-05-31 18:54:31"
"incentivize2","2147483647","61687ebcd2a35ffb762d1928","0","4","1","1","1","54","1","2022-05-31 18:54:45"
"incentivize","2147483647","60087e9189ddb34b79b08be5","0","K","-1","-1","1","6","-1","2022-05-31 18:54:50"
"incentivize","2147483647","5f516d96bf6cde3b04b94b69","0","11","1","1","1","39","1","2022-05-31 18:55:04"
"incentivize","2147483647","60087e9189ddb34b79b08be5","0","0.2","-1","-1","2","5","-2","2022-05-31 18:55:44"
"incentivize2","2147483647","61086c2bfda98ba5d75b9db4","0","0.4","1","1","2","109","2","2022-05-31 18:55:50"
"incentivize2","2147483647","611cb646fc99d84182086c18","0","0.2","-1","1","2","99","-2","2022-05-31 18:57:24"
"incentivize","2147483647","602d29200724e36ae7a9def2","0","13","1","1","1","108","1","2022-05-31 18:58:57"
"incentivize2","2147483647","5e5eb4843accc91e2443212f","0","17","1","1","2","100","2","2022-05-31 18:59:11"
"incentivize2","2147483647","6050def7e8e7c6c1efb45fac","0","1","1","1","2","129","0","2022-05-31 18:59:43"
"incentivize","2147483647","60b6c415dbda3236ea22455a","0","2","-1","0","2","55","0","2022-05-31 19:00:37"
"incentivize2","2147483647","613bbfebd7cdd60585f6a3a2","0","B","1","-1","1","10","1","2022-05-31 19:00:56"
"incentivize","2147483647","5f516d96bf6cde3b04b94b69","0","7","1","1","2","116","2","2022-05-31 19:02:03"
"incentivize","2147483647","611e2a711b31e24b7133813c","0","5","-1","1","1","73","-1","2022-05-31 19:02:33"
"incentivize2","2147483647","56de005e6893b5000ce95d71","0","16","1","1","2","146","0","2022-05-31 19:02:43"
"incentivize2","2147483647","613bbfebd7cdd60585f6a3a2","0","0.1","-1","-1","2","0","0","2022-05-31 19:02:51"
"incentivize2","2147483647","61687ebcd2a35ffb762d1928","0","7","1","1","2","82","2","2022-05-31 19:04:22"
"incentivize2","2147483647","609149626cec7ae4d533b9b0","0","7","1","1","2","104","0","2022-05-31 19:04:32"
"incentivize2","2147483647","615d5b821a79847e2b342374","0","11","1","1","2","68","4","2022-05-31 19:08:13"
"incentivize","2147483647","602d29200724e36ae7a9def2","0","13","1","1","2","45","2","2022-05-31 19:08:55"
"incentivize","2147483647","611e2a711b31e24b7133813c","0","5","1","1","2","125","0","2022-05-31 19:13:06"
"incentivize2","2147483647","613bbfebd7cdd60585f6a3a2","0","17","1","0","1","75","1","2022-05-31 19:15:37"
"incentivize","2147483647","5c7171ddbc6ab00001d7ad90","0","5","1","1","1","36","1","2022-05-31 19:16:02"
"incentivize","2147483647","60b6c415dbda3236ea22455a","0","4","1","1","1","49","1","2022-05-31 19:20:25"
"incentivize","2147483647","60087e9189ddb34b79b08be5","0","10","1","0","1","13","1","2022-05-31 19:21:34"
"incentivize2","2147483647","613bbfebd7cdd60585f6a3a2","0","17","-1","0","2","123","0","2022-05-31 19:24:04"
"incentivize","2147483647","5c7171ddbc6ab00001d7ad90","0","0.2","1","1","2","120","2","2022-05-31 19:24:26"
"incentivize","2147483647","60087e9189ddb34b79b08be5","0","0.4","1","0","2","45","2","2022-05-31 19:29:10"
"incentivize","2147483647","60b6c415dbda3236ea22455a","0","0.2","-1","1","2","9","0","2022-05-31 19:32:53"
"incentivize2","2147483647","613bbfebd7cdd60585f6a3a2","0","2","1","1","1","62","1","2022-05-31 19:36:10"
"incentivize","2147483647","60087e9189ddb34b79b08be5","0","16","1","1","1","116","3","2022-05-31 19:39:46"
"incentivize","2147483647","60087e9189ddb34b79b08be5","0","0.1","1","1","2","55","4","2022-05-31 19:46:02"
"incentivize2","2147483647","613bbfebd7cdd60585f6a3a2","0","16","-1","1","2","124","0","2022-05-31 19:47:15"
"incentivize","1254927803","aaaaaaaaaaaaaaaaaaaaaaaa","0","K","-1","-1","1","0","-1","2022-06-01 18:25:07"
