"RetrieveAndCompare","2876697292","toto","-1","-1","-1","2309","-1","-1","2","-1","0","0","-1","-1","-1","5","6","-1","0","-1","6","5","-1","-1","-1","1","77177","18:33:05"
"RetrieveAndCompare","2876697292","toto","-1","-1","-1","810","-1","-1","2","-1","0","1","-1","-1","-1","3","7","-1","0","-1","7","3","-1","-1","-1","1","82003","18:33:08"
"RetrieveAndCompare","2876697292","toto","-1","-1","-1","1142","1","-1","1","-1","0","2","-1","-1","-1","6","5","-1","0","-1","6","5","-1","-1","-1","0","85320","18:33:12"
"RetrieveAndCompare","2876697292","toto","-1","-1","-1","1598","-1","-1","2","-1","0","3","-1","-1","-1","8","2","-1","0","-1","2","8","-1","-1","-1","1","88968","18:33:16"
"RetrieveAndCompare","2876697292","toto","-1","-1","-1","1572","-1","-1","2","-1","0","4","-1","-1","-1","1","4","1","0","-1","1","4","-1","-1","-1","0","93073","18:33:20"
"RetrieveAndCompare","2876697292","toto","-1","-1","-1","1550","-1","-1","1","-1","0","5","-1","-1","-1","7","3","-1","0","-1","7","3","-1","-1","-1","0","97151","18:33:24"
"RetrieveAndCompare","2876697292","toto","-1","-1","-1","1413","-1","-1","1","-1","0","6","-1","-1","-1","2","8","-1","0","-1","2","8","-1","-1","-1","0","101208","18:33:28"
"RetrieveAndCompare","2876697292","toto","-1","-1","-1","549","-1","-1","2","-1","0","7","-1","-1","-1","4","1","-1","0","-1","1","4","-1","-1","-1","1","105128","18:33:31"
"RetrieveAndCompare","2876697292","toto","-1","-1","-1","1341","1","-1","1","-1","0","8","-1","-1","-1","6","5","-1","0","-1","6","5","-1","-1","-1","0","108184","18:33:35"
"RetrieveAndCompare","2876697292","toto","-1","-1","-1","854","-1","-1","2","-1","0","9","-1","-1","-1","2","8","1","0","-1","2","8","-1","-1","-1","0","112031","18:33:38"
"RetrieveAndCompare","2876697292","toto","-1","-1","-1","766","1","-1","1","-1","0","10","-1","-1","-1","3","7","1","0","-1","7","3","-1","-1","-1","1","115391","18:33:42"
"RetrieveAndCompare","2876697292","toto","-1","-1","-1","1559","-1","-1","2","-1","0","11","-1","-1","-1","4","1","-1","0","-1","1","4","-1","-1","-1","1","118663","18:33:46"
"RetrieveAndCompare","2876697292","toto","0","0","0","4800","-1","1","2","1","1","0","-1","0","1","-1","-1","-1","0","-1","-1","-1","-0.8","0.8","1","1","138127","18:34:08"
"RetrieveAndCompare","2876697292","toto","0","0","0","18827","1","1","1","1","1","1","-1","2","0","-1","-1","1","0","-1","-1","-1","0.6","-0.8","0","1","145435","18:34:30"
"RetrieveAndCompare","2876697292","toto","0","0","0","1414","-1","1","2","0","1","2","-1","6","4","-1","-1","-1","0","-1","-1","-1","0.2","-0.4","0","1","166767","18:34:34"
"RetrieveAndCompare","2876697292","toto","0","0","0","1551","1","1","1","1","1","3","-1","0","2","-1","-1","1","0","-1","-1","-1","0.8","-0.6","0","1","170686","18:34:38"
"RetrieveAndCompare","2876697292","toto","0","0","0","791","1","-1","2","1","1","4","-1","10","9","-1","-1","1","0","-1","-1","-1","-1","1","1","0","174742","18:34:41"
"RetrieveAndCompare","2876697292","toto","0","0","0","1752","-1","-1","1","1","1","5","-1","2","4","-1","-1","-1","0","-1","-1","-1","0.6","-0.4","0","0","178037","18:34:45"
"RetrieveAndCompare","2876697292","toto","0","0","0","1391","-1","-1","1","1","1","6","-1","7","2","-1","-1","-1","0","-1","-1","-1","-0.2","-0.6","0","0","182295","18:34:49"
"RetrieveAndCompare","2876697292","toto","0","0","0","695","1","1","1","1","1","7","-1","8","0","-1","-1","-1","0","-1","-1","-1","0","-0.8","0","0","186191","18:34:52"
"RetrieveAndCompare","2876697292","toto","0","0","0","825","-1","1","1","1","1","8","-1","3","0","-1","-1","-1","0","-1","-1","-1","-0.6","-0.8","0","0","189389","18:34:56"
"RetrieveAndCompare","2876697292","toto","0","0","0","1518","-1","-1","1","1","1","9","-1","8","10","-1","-1","1","0","-1","-1","-1","0","-1","0","1","192720","18:35:00"
"RetrieveAndCompare","2876697292","toto","2","0","-1","12090","-1","-1","5","-1","1","0","-1","3","-1","-1","-1","-1","0","-1","-1","-1","-0.6","-1","0","0","208005","18:35:26"
"RetrieveAndCompare","2876697292","toto","2","0","-1","5829","1","-1","20","-1","1","1","-1","8","-1","-1","-1","-1","0","-1","-1","-1","0","-1","0","0","220801","18:35:32"
"RetrieveAndCompare","2876697292","toto","2","0","-1","4615","-1","-1","75","-1","1","2","-1","5","-1","-1","-1","-1","0","-1","-1","-1","-0.4","-1","0","0","227334","18:35:37"
"RetrieveAndCompare","2876697292","toto","2","0","-1","2128","-1","-1","30","-1","1","3","-1","2","-1","-1","-1","-1","0","-1","-1","-1","0.6","-1","0","0","232654","18:35:40"
"RetrieveAndCompare","2876697292","toto","2","0","-1","2959","1","-1","60","-1","1","4","-1","0","-1","-1","-1","-1","0","-1","-1","-1","-0.8","-1","1","0","235486","18:35:44"
"RetrieveAndCompare","2876697292","toto","2","0","-1","2480","1","-1","25","-1","1","5","-1","10","-1","-1","-1","-1","0","-1","-1","-1","-1","-1","1","0","239150","18:35:47"
"RetrieveAndCompare","2876697292","toto","0","0.9","0.1","3232","1","-1","1","1","1","0","0","0","1","14","10","-1","1","0","14","10","0.8","-0.8","-1","0","251287","18:36:00"
"RetrieveAndCompare","2876697292","toto","0","0.8","0.2","2180","1","-1","1","1","1","1","1","2","3","16","1","-1","2","0","16","1","0.6","-0.6","-1","0","257026","18:36:05"
"RetrieveAndCompare","2876697292","toto","0","0.8","0.2","725","1","-1","1","1","1","2","1","2","3","16","1","-1","3","0","16","1","0.6","-0.6","-1","0","261712","18:36:08"
"RetrieveAndCompare","2876697292","toto","0","0.9","0.1","1254","1","-1","1","1","1","3","0","0","1","10","14","1","4","0","14","10","0.8","-0.8","-1","1","264943","18:36:12"
"RetrieveAndCompare","2876697292","toto","0","0.7","0.3","3214","1","-1","1","1","1","4","2","4","5","12","2","-1","5","0","12","2","0.4","-0.4","-1","0","268703","18:36:17"
"RetrieveAndCompare","2876697292","toto","0","0.8","0.2","1486","1","1","2","0","1","5","1","2","3","1","16","-1","6","0","16","1","0.6","-0.6","-1","1","274424","18:36:21"
"RetrieveAndCompare","2876697292","toto","0","0.7","0.3","1534","1","1","1","1","1","6","2","4","5","12","2","-1","7","0","12","2","0.4","-0.4","-1","0","278416","18:36:25"
"RetrieveAndCompare","2876697292","toto","0","0.9","0.1","2563","-1","1","2","0","1","7","0","0","1","14","10","1","6","0","14","10","0.8","-0.8","-1","0","282458","18:36:30"
"RetrieveAndCompare","2876697292","toto","0","0.6","0.4","1862","1","1","2","0","1","8","3","6","7","5","7","1","7","0","5","7","0.2","-0.2","-1","0","287527","18:36:35"
"RetrieveAndCompare","2876697292","toto","0","0.9","0.1","995","1","-1","1","1","1","9","0","0","1","10","14","1","8","0","14","10","0.8","-0.8","-1","1","291898","18:36:38"
"RetrieveAndCompare","2876697292","toto","0","0.9","0.1","853","-1","-1","1","1","1","10","0","0","1","14","10","-1","7","0","14","10","0.8","-0.8","-1","0","295400","18:36:42"
"RetrieveAndCompare","2876697292","toto","0","0.9","0.1","901","1","-1","1","1","1","11","0","0","1","14","10","-1","8","0","14","10","0.8","-0.8","-1","0","298760","18:36:45"
"RetrieveAndCompare","2876697292","toto","0","0.7","0.3","957","-1","-1","1","1","1","12","2","4","5","2","12","1","7","0","12","2","0.4","-0.4","-1","1","302169","18:36:49"
"RetrieveAndCompare","2876697292","toto","0","0.9","0.1","1095","1","-1","1","1","1","13","0","0","1","14","10","-1","8","0","14","10","0.8","-0.8","-1","0","305631","18:36:52"
"RetrieveAndCompare","2876697292","toto","0","0.7","0.3","1060","-1","-1","1","1","1","14","2","4","5","2","12","1","7","0","12","2","0.4","-0.4","-1","1","309234","18:36:56"
"RetrieveAndCompare","2876697292","toto","0","0.8","0.2","998","1","1","1","1","1","15","1","2","3","16","1","-1","8","0","16","1","0.6","-0.6","-1","0","312800","18:36:59"
"RetrieveAndCompare","2876697292","toto","0","0.9","0.1","702","1","-1","1","1","1","16","0","0","1","14","10","-1","9","0","14","10","0.8","-0.8","-1","0","316304","18:37:02"
"RetrieveAndCompare","2876697292","toto","0","0.8","0.2","989","-1","1","1","1","1","17","1","2","3","16","1","-1","8","0","16","1","0.6","-0.6","-1","0","319512","18:37:06"
"RetrieveAndCompare","2876697292","toto","0","0.6","0.4","1389","-1","-1","2","0","1","18","3","6","7","5","7","1","7","0","5","7","0.2","-0.2","-1","0","323008","18:37:10"
"RetrieveAndCompare","2876697292","toto","0","0.9","0.1","1165","-1","-1","1","1","1","19","0","0","1","10","14","1","6","0","14","10","0.8","-0.8","-1","1","326904","18:37:13"
"RetrieveAndCompare","2876697292","toto","0","0.6","0.4","2404","-1","-1","2","0","1","20","3","6","7","7","5","-1","5","0","5","7","0.2","-0.2","-1","1","330578","18:37:18"
"RetrieveAndCompare","2876697292","toto","0","0.6","0.4","1422","1","-1","1","1","1","21","3","6","7","7","5","1","6","0","5","7","0.2","-0.2","-1","1","335488","18:37:22"
"RetrieveAndCompare","2876697292","toto","0","0.8","0.2","2222","-1","-1","2","0","1","22","1","2","3","1","16","-1","5","0","16","1","0.6","-0.6","-1","1","339416","18:37:27"
"RetrieveAndCompare","2876697292","toto","0","0.7","0.3","1093","-1","1","1","1","1","23","2","4","5","12","2","-1","4","0","12","2","0.4","-0.4","-1","0","344144","18:37:31"
"RetrieveAndCompare","2876697292","toto","0","0.9","0.1","901","-1","-1","1","1","1","24","0","0","1","14","10","-1","3","0","14","10","0.8","-0.8","-1","0","347744","18:37:34"
"RetrieveAndCompare","2876697292","toto","0","0.7","0.3","2086","-1","-1","2","0","1","25","2","4","5","12","2","1","2","0","12","2","0.4","-0.4","-1","0","351152","18:37:39"
"RetrieveAndCompare","2876697292","toto","0","0.8","0.2","981","-1","-1","1","1","1","26","1","2","3","16","1","-1","1","0","16","1","0.6","-0.6","-1","0","355744","18:37:42"
"RetrieveAndCompare","2876697292","toto","0","0.7","0.3","1462","-1","1","1","1","1","27","2","4","5","12","2","-1","0","0","12","2","0.4","-0.4","-1","0","359232","18:37:46"
"RetrieveAndCompare","2876697292","toto","0","0.7","0.3","1206","1","-1","1","1","1","28","2","4","5","2","12","1","1","0","12","2","0.4","-0.4","-1","1","363200","18:37:50"
"RetrieveAndCompare","2876697292","toto","0","0.6","0.4","2116","1","1","2","0","1","29","3","6","7","5","7","1","2","0","5","7","0.2","-0.2","-1","0","366914","18:37:54"
"RetrieveAndCompare","2876697292","toto","0","0.7","0.3","1014","1","1","1","1","1","30","2","4","5","2","12","1","3","0","12","2","0.4","-0.4","-1","1","371536","18:37:58"
"RetrieveAndCompare","2876697292","toto","0","0.9","0.1","1070","1","-1","1","1","1","31","0","0","1","10","14","1","4","0","14","10","0.8","-0.8","-1","1","375056","18:38:02"
"RetrieveAndCompare","2876697292","toto","0","0.9","0.1","1182","-1","-1","1","1","1","32","0","0","1","14","10","-1","3","0","14","10","0.8","-0.8","-1","0","378632","18:38:05"
"RetrieveAndCompare","2876697292","toto","0","0.8","0.2","3158","1","1","1","1","1","33","1","2","3","16","1","-1","4","0","16","1","0.6","-0.6","-1","0","382320","18:38:11"
"RetrieveAndCompare","2876697292","toto","0","0.9","0.1","878","1","-1","1","1","1","34","0","0","1","14","10","-1","5","0","14","10","0.8","-0.8","-1","0","387984","18:38:14"
"RetrieveAndCompare","2876697292","toto","0","0.6","0.4","981","-1","-1","2","0","1","35","3","6","7","5","7","1","4","0","5","7","0.2","-0.2","-1","0","391369","18:38:18"
"RetrieveAndCompare","2876697292","toto","0","0.6","0.4","1878","1","1","1","1","1","36","3","6","7","7","5","1","5","0","5","7","0.2","-0.2","-1","1","394856","18:38:22"
"RetrieveAndCompare","2876697292","toto","0","0.6","0.4","757","-1","-1","1","1","1","37","3","6","7","7","5","1","4","0","5","7","0.2","-0.2","-1","1","399241","18:38:25"
"RetrieveAndCompare","2876697292","toto","0","0.7","0.3","1638","-1","1","1","1","1","38","2","4","5","2","12","1","3","0","12","2","0.4","-0.4","-1","1","402504","18:38:30"
"RetrieveAndCompare","2876697292","toto","0","0.9","0.1","1005","1","-1","1","1","1","39","0","0","1","10","14","1","4","0","14","10","0.8","-0.8","-1","1","406648","18:38:33"
"RetrieveAndCompare","2876697292","toto","0","0.6","0.4","1375","-1","-1","1","1","1","40","3","6","7","5","7","-1","3","0","5","7","0.2","-0.2","-1","0","410159","18:38:37"
"RetrieveAndCompare","2876697292","toto","0","0.7","0.3","1549","-1","1","1","1","1","41","2","4","5","12","2","-1","2","0","12","2","0.4","-0.4","-1","0","414040","18:38:41"
"RetrieveAndCompare","2876697292","toto","0","0.9","0.1","1277","1","-1","1","1","1","42","0","0","1","14","10","-1","3","0","14","10","0.8","-0.8","-1","0","418096","18:38:45"
"RetrieveAndCompare","2876697292","toto","0","0.9","0.1","741","1","-1","1","1","1","43","0","0","1","10","14","1","4","0","14","10","0.8","-0.8","-1","1","421881","18:38:48"
"RetrieveAndCompare","2876697292","toto","0","0.8","0.2","1190","1","-1","1","1","1","44","1","2","3","1","16","1","5","0","16","1","0.6","-0.6","-1","1","425128","18:38:52"
"RetrieveAndCompare","2876697292","toto","0","0.8","0.2","982","1","1","1","1","1","45","1","2","3","16","1","-1","6","0","16","1","0.6","-0.6","-1","0","428824","18:38:55"
"RetrieveAndCompare","2876697292","toto","0","0.6","0.4","1414","-1","-1","1","1","1","46","3","6","7","7","5","1","5","0","5","7","0.2","-0.2","-1","1","432312","18:38:59"
"RetrieveAndCompare","2876697292","toto","0","0.8","0.2","662","1","-1","1","1","1","47","1","2","3","16","1","-1","6","0","16","1","0.6","-0.6","-1","0","436232","18:39:02"
"RetrieveAndCompare","2876697292","toto","0","0.8","0.2","814","-1","-1","1","1","1","48","1","2","3","1","16","1","5","0","16","1","0.6","-0.6","-1","1","439400","18:39:06"
"RetrieveAndCompare","2876697292","toto","0","0.7","0.3","775","1","1","1","1","1","49","2","4","5","12","2","-1","6","0","12","2","0.4","-0.4","-1","0","442719","18:39:09"
"RetrieveAndCompare","2876697292","toto","0","0.6","0.4","2260","-1","1","1","1","1","50","3","6","7","7","5","1","5","0","5","7","0.2","-0.2","-1","1","446002","18:39:14"
"RetrieveAndCompare","2876697292","toto","0","0.9","0.1","725","1","-1","1","1","1","51","0","0","1","14","10","-1","6","0","14","10","0.8","-0.8","-1","0","450768","18:39:17"
"RetrieveAndCompare","2876697292","toto","0","0.9","0.1","1022","1","-1","1","1","1","52","0","0","1","10","14","1","7","0","14","10","0.8","-0.8","-1","1","454000","18:39:20"
"RetrieveAndCompare","2876697292","toto","0","0.9","0.1","1054","-1","-1","1","1","1","53","0","0","1","10","14","1","6","0","14","10","0.8","-0.8","-1","1","457528","18:39:24"
"RetrieveAndCompare","2876697292","toto","0","0.6","0.4","1821","-1","1","2","0","1","54","3","6","7","7","5","-1","5","0","5","7","0.2","-0.2","-1","1","461088","18:39:28"
"RetrieveAndCompare","2876697292","toto","0","0.8","0.2","2261","1","-1","1","1","1","55","1","2","3","16","1","-1","6","0","16","1","0.6","-0.6","-1","0","465416","18:39:33"
"RetrieveAndCompare","2876697292","toto","0","0.8","0.2","837","1","-1","1","1","1","56","1","2","3","16","1","-1","7","0","16","1","0.6","-0.6","-1","0","470184","18:39:36"
"RetrieveAndCompare","2876697292","toto","0","0.9","0.1","884","1","-1","1","1","1","57","0","0","1","10","14","1","8","0","14","10","0.8","-0.8","-1","1","473529","18:39:40"
"RetrieveAndCompare","2876697292","toto","0","0.6","0.4","1430","-1","1","1","1","1","58","3","6","7","7","5","1","7","0","5","7","0.2","-0.2","-1","1","476920","18:39:44"
"RetrieveAndCompare","2876697292","toto","0","0.7","0.3","853","1","-1","1","1","1","59","2","4","5","2","12","1","8","0","12","2","0.4","-0.4","-1","1","480857","18:39:47"
"RetrieveAndCompare","2876697292","toto","0","0.8","0.2","822","1","1","1","1","1","60","1","2","3","16","1","-1","9","0","16","1","0.6","-0.6","-1","0","484216","18:39:50"
"RetrieveAndCompare","2876697292","toto","0","0.7","0.3","1076","-1","-1","1","1","1","61","2","4","5","12","2","-1","8","0","12","2","0.4","-0.4","-1","0","487546","18:39:54"
"RetrieveAndCompare","2876697292","toto","0","0.7","0.3","1222","-1","-1","1","1","1","62","2","4","5","2","12","1","7","0","12","2","0.4","-0.4","-1","1","491128","18:39:58"
"RetrieveAndCompare","2876697292","toto","0","0.9","0.1","1150","1","-1","1","1","1","63","0","0","1","10","14","1","8","0","14","10","0.8","-0.8","-1","1","494856","18:40:01"
"RetrieveAndCompare","2876697292","toto","0","0.8","0.2","686","1","1","1","1","1","64","1","2","3","16","1","-1","9","0","16","1","0.6","-0.6","-1","0","498512","18:40:05"
"RetrieveAndCompare","2876697292","toto","0","0.6","0.4","1477","1","-1","1","1","1","65","3","6","7","5","7","-1","10","0","5","7","0.2","-0.2","-1","0","501705","18:40:09"
"RetrieveAndCompare","2876697292","toto","0","0.7","0.3","1454","1","-1","1","1","1","66","2","4","5","2","12","1","11","0","12","2","0.4","-0.4","-1","1","505688","18:40:13"
"RetrieveAndCompare","2876697292","toto","0","0.7","0.3","1164","1","-1","1","1","1","67","2","4","5","12","2","-1","12","0","12","2","0.4","-0.4","-1","0","509650","18:40:16"
"RetrieveAndCompare","2876697292","toto","0","0.8","0.2","1149","1","-1","1","1","1","68","1","2","3","1","16","1","13","0","16","1","0.6","-0.6","-1","1","513321","18:40:20"
"RetrieveAndCompare","2876697292","toto","0","0.8","0.2","862","1","1","1","1","1","69","1","2","3","1","16","1","14","0","16","1","0.6","-0.6","-1","1","516975","18:40:23"
"RetrieveAndCompare","2876697292","toto","0","0.6","0.4","589","-1","1","2","0","1","70","3","6","7","5","7","1","13","0","5","7","0.2","-0.2","-1","0","520344","18:40:26"
"RetrieveAndCompare","2876697292","toto","0","0.7","0.3","1166","1","1","1","1","1","71","2","4","5","2","12","1","14","0","12","2","0.4","-0.4","-1","1","523440","18:40:30"
"RetrieveAndCompare","2876697292","toto","0","0.6","0.4","1037","-1","1","2","0","1","72","3","6","7","7","5","-1","13","0","5","7","0.2","-0.2","-1","1","527112","18:40:34"
"RetrieveAndCompare","2876697292","toto","0","0.9","0.1","1093","1","-1","1","1","1","73","0","0","1","14","10","-1","14","0","14","10","0.8","-0.8","-1","0","530656","18:40:37"
"RetrieveAndCompare","2876697292","toto","0","0.8","0.2","1014","1","-1","1","1","1","74","1","2","3","1","16","1","15","0","16","1","0.6","-0.6","-1","1","534255","18:40:41"
"RetrieveAndCompare","2876697292","toto","0","0.7","0.3","718","1","-1","1","1","1","75","2","4","5","12","2","-1","16","0","12","2","0.4","-0.4","-1","0","537775","18:40:44"
"RetrieveAndCompare","2876697292","toto","0","0.9","0.1","652","1","-1","1","1","1","76","0","0","1","14","10","-1","17","0","14","10","0.8","-0.8","-1","0","541002","18:40:47"
"RetrieveAndCompare","2876697292","toto","0","0.6","0.4","1391","-1","-1","2","0","1","77","3","6","7","5","7","1","16","0","5","7","0.2","-0.2","-1","0","544159","18:40:51"
"RetrieveAndCompare","2876697292","toto","0","0.7","0.3","1350","1","1","1","1","1","78","2","4","5","2","12","1","17","0","12","2","0.4","-0.4","-1","1","548056","18:40:55"
"RetrieveAndCompare","2876697292","toto","0","0.7","0.3","646","-1","-1","1","1","1","79","2","4","5","12","2","-1","16","0","12","2","0.4","-0.4","-1","0","551912","18:40:58"
"RetrieveAndCompare","2876697292","toto","0","0.8","0.2","662","1","1","1","1","1","80","1","2","3","16","1","-1","17","0","16","1","0.6","-0.6","-1","0","555064","18:41:01"
"RetrieveAndCompare","2876697292","toto","0","0.9","0.1","638","1","-1","1","1","1","81","0","0","1","14","10","-1","18","0","14","10","0.8","-0.8","-1","0","558232","18:41:04"
"RetrieveAndCompare","2876697292","toto","0","0.9","0.1","1086","1","-1","1","1","1","82","0","0","1","10","14","1","19","0","14","10","0.8","-0.8","-1","1","561376","18:41:08"
"RetrieveAndCompare","2876697292","toto","0","0.6","0.4","750","-1","1","2","0","1","83","3","6","7","7","5","-1","18","0","5","7","0.2","-0.2","-1","1","564968","18:41:11"
"RetrieveAndCompare","2876697292","toto","0","0.6","0.4","1822","-1","-1","1","1","1","84","3","6","7","7","5","1","17","0","5","7","0.2","-0.2","-1","1","568224","18:41:15"
"RetrieveAndCompare","2876697292","toto","0","0.6","0.4","659","-1","-1","1","1","1","85","3","6","7","5","7","-1","16","0","5","7","0.2","-0.2","-1","0","572554","18:41:19"
"RetrieveAndCompare","2876697292","toto","0","0.7","0.3","1078","1","-1","1","1","1","86","2","4","5","12","2","-1","17","0","12","2","0.4","-0.4","-1","0","575720","18:41:22"
"RetrieveAndCompare","2876697292","toto","0","0.6","0.4","1589","1","1","1","1","1","87","3","6","7","7","5","1","18","0","5","7","0.2","-0.2","-1","1","579304","18:41:26"
"RetrieveAndCompare","2876697292","toto","0","0.7","0.3","1486","1","-1","1","1","1","88","2","4","5","12","2","-1","19","0","12","2","0.4","-0.4","-1","0","583399","18:41:30"
"RetrieveAndCompare","2876697292","toto","0","0.8","0.2","774","1","-1","1","1","1","89","1","2","3","16","1","-1","20","0","16","1","0.6","-0.6","-1","0","587391","18:41:34"
"RetrieveAndCompare","2876697292","toto","0","0.8","0.2","1030","1","-1","1","1","1","90","1","2","3","1","16","1","21","0","16","1","0.6","-0.6","-1","1","590671","18:41:37"
"RetrieveAndCompare","2876697292","toto","0","0.6","0.4","1515","1","-1","1","1","1","91","3","6","7","7","5","1","22","0","5","7","0.2","-0.2","-1","1","594210","18:41:41"
"RetrieveAndCompare","2876697292","toto","0","0.8","0.2","1006","-1","-1","1","1","1","92","1","2","3","1","16","1","21","0","16","1","0.6","-0.6","-1","1","598231","18:41:45"
"RetrieveAndCompare","2876697292","toto","0","0.6","0.4","998","1","1","2","0","1","93","3","6","7","5","7","1","22","0","5","7","0.2","-0.2","-1","0","601744","18:41:48"
"RetrieveAndCompare","2876697292","toto","0","0.6","0.4","845","1","-1","2","0","1","94","3","6","7","5","7","1","23","0","5","7","0.2","-0.2","-1","0","605248","18:41:51"
"RetrieveAndCompare","2876697292","toto","0","0.7","0.3","646","1","-1","1","1","1","95","2","4","5","2","12","1","24","0","12","2","0.4","-0.4","-1","1","608600","18:41:55"
"RetrieveAndCompare","2876697292","toto","0","0.6","0.4","982","1","-1","2","0","1","96","3","6","7","7","5","-1","25","0","5","7","0.2","-0.2","-1","1","611752","18:41:58"
"RetrieveAndCompare","2876697292","toto","0","0.9","0.1","1141","1","-1","1","1","1","97","0","0","1","10","14","1","26","0","14","10","0.8","-0.8","-1","1","615240","18:42:02"
"RetrieveAndCompare","2876697292","toto","0","0.8","0.2","757","1","-1","1","1","1","98","1","2","3","1","16","1","27","0","16","1","0.6","-0.6","-1","1","618888","18:42:05"
"RetrieveAndCompare","2876697292","toto","0","0.6","0.4","1462","-1","1","2","0","1","99","3","6","7","7","5","-1","26","0","5","7","0.2","-0.2","-1","1","622151","18:42:09"
"RetrieveAndCompare","2876697292","toto","0","0.9","0.1","1014","1","-1","1","1","1","100","0","0","1","14","10","-1","27","0","14","10","0.8","-0.8","-1","0","626119","18:42:13"
"RetrieveAndCompare","2876697292","toto","0","0.9","0.1","925","1","-1","1","1","1","101","0","0","1","14","10","-1","28","0","14","10","0.8","-0.8","-1","0","629640","18:42:16"
"RetrieveAndCompare","2876697292","toto","0","0.7","0.3","853","1","-1","1","1","1","102","2","4","5","12","2","-1","29","0","12","2","0.4","-0.4","-1","0","633072","18:42:19"
"RetrieveAndCompare","2876697292","toto","0","0.7","0.3","637","-1","1","1","1","1","103","2","4","5","2","12","1","28","0","12","2","0.4","-0.4","-1","1","636432","18:42:22"
"RetrieveAndCompare","2876697292","toto","0","0.9","0.1","821","1","-1","1","1","1","104","0","0","1","14","10","-1","29","0","14","10","0.8","-0.8","-1","0","639576","18:42:26"
"RetrieveAndCompare","2876697292","toto","0","0.8","0.2","862","1","-1","1","1","1","105","1","2","3","16","1","-1","30","0","16","1","0.6","-0.6","-1","0","642903","18:42:29"
"RetrieveAndCompare","2876697292","toto","0","0.6","0.4","1878","-1","1","1","1","1","106","3","6","7","7","5","1","29","0","5","7","0.2","-0.2","-1","1","646271","18:42:34"
"RetrieveAndCompare","2876697292","toto","0","0.9","0.1","701","1","-1","1","1","1","107","0","0","1","14","10","-1","30","0","14","10","0.8","-0.8","-1","0","650656","18:42:37"
"RetrieveAndCompare","2876697292","toto","0","0.7","0.3","605","-1","1","1","1","1","108","2","4","5","12","2","-1","29","0","12","2","0.4","-0.4","-1","0","653864","18:42:40"
"RetrieveAndCompare","2876697292","toto","0","0.7","0.3","4143","-1","-1","1","1","1","109","2","4","5","12","2","-1","28","0","12","2","0.4","-0.4","-1","0","656975","18:42:47"
"RetrieveAndCompare","2876697292","toto","0","0.6","0.4","2878","-1","-1","1","1","1","110","3","6","7","7","5","1","27","0","5","7","0.2","-0.2","-1","1","663624","18:42:52"
"RetrieveAndCompare","2876697292","toto","0","0.6","0.4","3702","1","-1","1","1","1","111","3","6","7","7","5","1","28","0","5","7","0.2","-0.2","-1","1","669008","18:42:58"
"RetrieveAndCompare","2876697292","toto","0","0.8","0.2","646","1","-1","1","1","1","112","1","2","3","16","1","-1","29","0","16","1","0.6","-0.6","-1","0","675216","18:43:01"
"RetrieveAndCompare","2876697292","toto","0","0.8","0.2","844","1","-1","1","1","1","113","1","2","3","1","16","1","30","0","16","1","0.6","-0.6","-1","1","678370","18:43:05"
"RetrieveAndCompare","2876697292","toto","0","0.6","0.4","782","1","-1","2","0","1","114","3","6","7","7","5","-1","31","0","5","7","0.2","-0.2","-1","1","681720","18:43:08"
"RetrieveAndCompare","2876697292","toto","0","0.8","0.2","1014","1","-1","1","1","1","115","1","2","3","1","16","1","32","0","16","1","0.6","-0.6","-1","1","685008","18:43:11"
"RetrieveAndCompare","2876697292","toto","0","0.7","0.3","798","-1","-1","1","1","1","116","2","4","5","2","12","1","31","0","12","2","0.4","-0.4","-1","1","688528","18:43:15"
"RetrieveAndCompare","2876697292","toto","0","0.7","0.3","1663","-1","-1","1","1","1","117","2","4","5","12","2","-1","30","0","12","2","0.4","-0.4","-1","0","691831","18:43:19"
"RetrieveAndCompare","2876697292","toto","0","0.8","0.2","942","1","-1","1","1","1","118","1","2","3","1","16","1","31","0","16","1","0.6","-0.6","-1","1","696000","18:43:22"
"RetrieveAndCompare","2876697292","toto","0","0.8","0.2","878","1","1","1","1","1","119","1","2","3","1","16","1","32","0","16","1","0.6","-0.6","-1","1","699448","18:43:26"
"RetrieveAndCompare","2876697292","toto","0","0","0","1448","1","-1","2","0","1","0","-1","6","6","-1","-1","-1","33","0","-1","-1","0.2","-0.2","0","1","717893","18:43:45"
"RetrieveAndCompare","2876697292","toto","0","0","0","3104","1","-1","2","1","1","1","-1","1","6","-1","-1","1","34","0","-1","-1","-0.8","-0.2","0","0","721846","18:43:50"
"RetrieveAndCompare","2876697292","toto","0","0","0","4520","-1","1","1","1","1","2","-1","5","4","-1","-1","1","33","0","-1","-1","-0.4","-0.4","0","1","727454","18:43:57"
"RetrieveAndCompare","2876697292","toto","0","0","0","2312","1","1","1","1","1","3","-1","0","5","-1","-1","-1","34","0","-1","-1","0.8","0.4","0","0","734478","18:44:02"
"RetrieveAndCompare","2876697292","toto","0","0","0","3503","1","-1","1","1","1","4","-1","5","2","-1","-1","-1","35","0","-1","-1","-0.4","-0.6","0","0","739295","18:44:08"
"RetrieveAndCompare","2876697292","toto","0","0","0","2784","-1","1","2","1","1","5","-1","6","7","-1","-1","1","34","0","-1","-1","-0.2","0.2","1","0","745302","18:44:13"
"RetrieveAndCompare","2876697292","toto","0","0","0","1200","-1","1","2","1","1","6","-1","0","1","-1","-1","1","33","0","-1","-1","-0.8","0.8","1","0","750590","18:44:17"
"RetrieveAndCompare","2876697292","toto","0","0","0","1887","-1","-1","2","1","1","7","-1","6","7","-1","-1","1","32","0","-1","-1","0.2","0.2","0","0","754295","18:44:22"
"RetrieveAndCompare","2876697292","toto","0","0","0","1904","1","-1","1","1","1","8","-1","0","8","-1","-1","-1","33","0","-1","-1","0.8","0","0","0","758686","18:44:26"
"RetrieveAndCompare","2876697292","toto","0","0","0","1488","1","1","1","1","1","9","-1","2","0","-1","-1","-1","34","0","-1","-1","0.6","-0.8","0","0","763094","18:44:30"
"RetrieveAndCompare","2876697292","toto","0","0","0","2824","-1","-1","1","1","1","10","-1","1","10","-1","-1","1","33","0","-1","-1","-0.8","-1","0","1","767086","18:44:35"
"RetrieveAndCompare","2876697292","toto","0","0","0","1537","1","1","2","1","1","11","-1","6","9","-1","-1","1","34","0","-1","-1","0.2","1","0","0","772413","18:44:39"
"RetrieveAndCompare","2876697292","toto","0","0","0","3126","1","-1","1","1","1","12","-1","6","4","-1","-1","1","35","0","-1","-1","0.2","-0.4","0","1","776456","18:44:45"
"RetrieveAndCompare","2876697292","toto","0","0","0","1320","-1","-1","2","1","1","13","-1","5","1","-1","-1","1","34","0","-1","-1","-0.4","0.8","0","0","782086","18:44:49"
"RetrieveAndCompare","2876697292","toto","0","0","0","1800","-1","1","2","1","1","14","-1","4","5","-1","-1","-1","33","0","-1","-1","-0.4","0.4","1","1","785910","18:44:53"
"RetrieveAndCompare","2876697292","toto","0","0","0","1733","1","1","1","1","1","15","-1","4","2","-1","-1","1","34","0","-1","-1","0.4","-0.6","0","1","790217","18:44:57"
"RetrieveAndCompare","2876697292","toto","0","0","0","2296","-1","-1","1","1","1","16","-1","6","2","-1","-1","-1","33","0","-1","-1","0.2","-0.6","0","0","794454","18:45:02"
"RetrieveAndCompare","2876697292","toto","0","0","0","944","1","1","2","1","1","17","-1","2","9","-1","-1","-1","34","0","-1","-1","0.6","1","0","1","799254","18:45:06"
"RetrieveAndCompare","2876697292","toto","0","0","0","856","1","1","1","1","1","18","-1","0","0","-1","-1","-1","35","0","-1","-1","0.8","-0.8","0","0","802702","18:45:09"
"RetrieveAndCompare","2876697292","toto","0","0","0","1727","-1","-1","1","1","1","19","-1","5","10","-1","-1","-1","34","0","-1","-1","-0.4","-1","0","0","806063","18:45:13"
"RetrieveAndCompare","2876697292","toto","0","0","0","1633","-1","-1","2","1","1","20","-1","6","1","-1","-1","-1","33","0","-1","-1","0.2","0.8","0","1","810293","18:45:17"
"RetrieveAndCompare","2876697292","toto","0","0","0","1190","1","-1","1","1","1","21","-1","2","10","-1","-1","-1","34","0","-1","-1","0.6","-1","0","0","814431","18:45:21"
"RetrieveAndCompare","2876697292","toto","0","0","0","3151","1","-1","2","1","1","22","-1","6","5","-1","-1","1","35","0","-1","-1","0.2","0.4","0","0","818126","18:45:27"
"RetrieveAndCompare","2876697292","toto","0","0","0","1742","1","-1","1","1","1","23","-1","0","10","-1","-1","-1","36","0","-1","-1","0.8","-1","0","0","823783","18:45:31"
"RetrieveAndCompare","2876697292","toto","0","0","0","3070","1","1","1","1","1","24","-1","4","8","-1","-1","1","37","0","-1","-1","0.4","0","0","1","828031","18:45:36"
"RetrieveAndCompare","2876697292","toto","0","0","0","6407","1","1","2","1","1","25","-1","3","2","-1","-1","-1","38","0","-1","-1","-0.6","-0.6","0","1","833606","18:45:45"
"RetrieveAndCompare","2876697292","toto","0","0","0","3177","1","-1","1","1","1","26","-1","2","7","-1","-1","-1","39","0","-1","-1","0.6","0.2","0","0","842517","18:45:51"
"RetrieveAndCompare","2876697292","toto","0","0","0","5575","-1","-1","2","1","1","27","-1","3","7","-1","-1","1","38","0","-1","-1","-0.6","0.2","0","0","848199","18:45:59"
"RetrieveAndCompare","2876697292","toto","0","0","0","1080","-1","-1","2","1","1","28","-1","5","7","-1","-1","-1","37","0","-1","-1","-0.4","0.2","0","1","856277","18:46:03"
"RetrieveAndCompare","2876697292","toto","0","0","0","2072","1","1","1","1","1","29","-1","6","0","-1","-1","-1","38","0","-1","-1","0.2","-0.8","0","0","859861","18:46:07"
"RetrieveAndCompare","2876697292","toto","0","0","0","1265","-1","-1","2","1","1","30","-1","7","1","-1","-1","-1","37","0","-1","-1","-0.2","0.8","0","1","864437","18:46:11"
"RetrieveAndCompare","2876697292","toto","0","0","0","2415","1","-1","1","1","1","31","-1","4","7","-1","-1","-1","38","0","-1","-1","0.4","0.2","0","0","868206","18:46:16"
"RetrieveAndCompare","2876697292","toto","0","0","0","680","1","1","1","0","1","32","-1","0","9","-1","-1","-1","39","0","-1","-1","0.8","1","0","0","873125","18:46:19"
"RetrieveAndCompare","2876697292","toto","0","0","0","7071","1","-1","2","0","1","33","-1","7","4","-1","-1","-1","40","0","-1","-1","-0.2","-0.4","0","1","876310","18:46:29"
"RetrieveAndCompare","2876697292","toto","0","0","0","1520","-1","1","2","1","1","34","-1","7","5","-1","-1","-1","39","0","-1","-1","-0.2","0.4","0","1","885885","18:46:33"
"RetrieveAndCompare","2876697292","toto","0","0","0","1616","1","-1","1","1","1","35","-1","4","10","-1","-1","1","40","0","-1","-1","0.4","-1","0","1","889909","18:46:37"
"RetrieveAndCompare","2876697292","toto","0","0","0","1968","1","-1","2","1","1","36","-1","1","8","-1","-1","1","41","0","-1","-1","-0.8","0","0","0","894029","18:46:41"
"RetrieveAndCompare","2876697292","toto","0","0","0","2016","1","1","2","1","1","37","-1","3","5","-1","-1","1","42","0","-1","-1","-0.6","0.4","0","0","898502","18:46:46"
"RetrieveAndCompare","2876697292","toto","0","0","0","2045","-1","-1","2","1","1","38","-1","3","8","-1","-1","-1","41","0","-1","-1","-0.6","0","0","1","903025","18:46:50"
"RetrieveAndCompare","2876697292","toto","0","0","0","4062","1","-1","2","1","1","39","-1","1","4","-1","-1","1","42","0","-1","-1","-0.8","-0.4","0","0","907576","18:46:57"
"RetrieveAndCompare","2876697292","toto","0","0","0","2528","-1","1","1","1","1","40","-1","7","2","-1","-1","1","41","0","-1","-1","-0.2","-0.6","0","1","914142","18:47:02"
"RetrieveAndCompare","2876697292","toto","0","0","0","2711","1","-1","2","0","1","41","-1","7","6","-1","-1","-1","42","0","-1","-1","-0.2","-0.2","0","1","919175","18:47:07"
"RetrieveAndCompare","2876697292","toto","0","0","0","2704","-1","1","1","1","1","42","-1","3","0","-1","-1","1","41","0","-1","-1","-0.6","-0.8","0","1","924390","18:47:12"
"RetrieveAndCompare","2876697292","toto","0","0","0","896","1","-1","1","1","1","43","-1","0","7","-1","-1","1","42","0","-1","-1","0.8","0.2","0","1","929598","18:47:16"
"RetrieveAndCompare","2876697292","toto","0","0","0","3336","-1","1","2","1","1","44","-1","1","7","-1","-1","1","41","0","-1","-1","-0.8","0.2","0","0","932998","18:47:22"
"RetrieveAndCompare","2876697292","toto","0","0","0","2950","-1","1","2","1","1","45","-1","2","1","-1","-1","-1","40","0","-1","-1","0.6","0.8","0","1","938840","18:47:27"
"RetrieveAndCompare","2876697292","toto","0","0","0","1497","-1","1","2","1","1","46","-1","5","5","-1","-1","-1","39","0","-1","-1","-0.4","0.4","0","1","944293","18:47:31"
"RetrieveAndCompare","2876697292","toto","0","0","0","11729","-1","1","1","0","1","47","-1","1","2","-1","-1","1","38","0","-1","-1","-0.8","-0.6","0","1","948293","18:47:45"
"RetrieveAndCompare","2876697292","toto","0","0","0","3031","-1","-1","2","0","1","48","-1","0","1","-1","-1","-1","37","0","-1","-1","0.8","0.8","0","1","962527","18:47:51"
"RetrieveAndCompare","2876697292","toto","0","0","0","1785","1","1","1","1","1","49","-1","0","4","-1","-1","1","38","0","-1","-1","0.8","-0.4","0","1","968061","18:47:55"
"RetrieveAndCompare","2876697292","toto","0","0","0","3151","-1","1","2","1","1","50","-1","4","5","-1","-1","1","37","0","-1","-1","0.4","0.4","0","0","972351","18:48:01"
"RetrieveAndCompare","2876697292","toto","0","0","0","3088","1","1","1","1","1","51","-1","0","6","-1","-1","-1","38","0","-1","-1","0.8","-0.2","0","0","978006","18:48:06"
"RetrieveAndCompare","2876697292","toto","0","0","0","1727","-1","-1","2","1","1","52","-1","1","1","-1","-1","1","37","0","-1","-1","-0.8","0.8","0","0","983599","18:48:11"
"RetrieveAndCompare","2876697292","toto","0","0","0","3782","1","-1","2","1","1","53","-1","5","6","-1","-1","-1","38","0","-1","-1","-0.4","-0.2","0","1","987832","18:48:17"
"RetrieveAndCompare","2876697292","toto","0","0","0","1185","1","-1","1","1","1","54","-1","7","10","-1","-1","-1","39","0","-1","-1","-0.2","-1","0","0","994117","18:48:21"
"RetrieveAndCompare","2876697292","toto","0","0","0","1432","-1","-1","2","1","1","55","-1","5","3","-1","-1","1","38","0","-1","-1","-0.4","0.6","0","0","997806","18:48:25"
"RetrieveAndCompare","2876697292","toto","0","0","0","1088","-1","-1","2","1","1","56","-1","2","3","-1","-1","1","37","0","-1","-1","-0.6","0.6","1","0","1001742","18:48:28"
"RetrieveAndCompare","2876697292","toto","0","0","0","1064","1","1","1","1","1","57","-1","2","4","-1","-1","1","38","0","-1","-1","0.6","-0.4","0","1","1005334","18:48:32"
"RetrieveAndCompare","2876697292","toto","0","0","0","1704","1","-1","1","1","1","58","-1","0","3","-1","-1","-1","39","0","-1","-1","0.8","0.6","0","0","1008902","18:48:36"
"RetrieveAndCompare","2876697292","toto","0","0","0","4871","1","1","2","1","1","59","-1","5","8","-1","-1","1","40","0","-1","-1","-0.4","0","0","0","1013110","18:48:43"
"RetrieveAndCompare","2876697292","toto","0","0","0","1473","1","-1","2","1","1","60","-1","3","9","-1","-1","1","41","0","-1","-1","-0.6","1","0","0","1020485","18:48:47"
"RetrieveAndCompare","2876697292","toto","0","0","0","1450","1","1","1","1","1","61","-1","4","6","-1","-1","1","42","0","-1","-1","0.4","-0.2","0","1","1024461","18:48:51"
"RetrieveAndCompare","2876697292","toto","0","0","0","1557","-1","-1","1","1","1","62","-1","4","4","-1","-1","1","41","0","-1","-1","0.4","-0.4","0","1","1028417","18:48:55"
"RetrieveAndCompare","2876697292","toto","0","0","0","2321","-1","1","1","1","1","63","-1","2","6","-1","-1","-1","40","0","-1","-1","0.6","-0.2","0","0","1032477","18:49:00"
"RetrieveAndCompare","2876697292","toto","0","0","0","3575","1","1","1","1","1","64","-1","7","0","-1","-1","-1","41","0","-1","-1","-0.2","-0.8","0","0","1037303","18:49:06"
"RetrieveAndCompare","2876697292","toto","0","0","0","1831","1","-1","1","1","1","65","-1","6","10","-1","-1","1","42","0","-1","-1","0.2","-1","0","1","1043383","18:49:11"
"RetrieveAndCompare","2876697292","toto","0","0","0","2689","1","1","2","1","1","66","-1","7","8","-1","-1","-1","43","0","-1","-1","-0.2","0","0","1","1047717","18:49:16"
"RetrieveAndCompare","2876697292","toto","0","0","0","2055","-1","-1","1","1","1","67","-1","3","10","-1","-1","-1","42","0","-1","-1","-0.6","-1","0","0","1052911","18:49:20"
"RetrieveAndCompare","2876697292","toto","0","0","0","1081","1","-1","1","1","1","68","-1","2","2","-1","-1","-1","43","0","-1","-1","0.6","-0.6","0","0","1057469","18:49:24"
"RetrieveAndCompare","2876697292","toto","0","0","0","1879","-1","1","1","1","1","69","-1","5","0","-1","-1","1","42","0","-1","-1","-0.4","-0.8","0","1","1061055","18:49:28"
"RetrieveAndCompare","2876697292","toto","0","0","0","873","1","1","1","1","1","70","-1","0","2","-1","-1","1","43","0","-1","-1","0.8","-0.6","0","1","1065437","18:49:32"
"RetrieveAndCompare","2876697292","toto","0","0","0","1280","-1","-1","2","1","1","71","-1","1","5","-1","-1","1","42","0","-1","-1","-0.8","0.4","0","0","1068814","18:49:35"
"RetrieveAndCompare","2876697292","toto","0","0","0","3856","1","-1","2","0","1","72","-1","1","0","-1","-1","1","43","0","-1","-1","-0.8","-0.8","0","0","1072598","18:49:42"
"RetrieveAndCompare","2876697292","toto","0","0","0","1624","1","-1","2","1","1","73","-1","1","9","-1","-1","-1","44","0","-1","-1","-0.8","1","0","1","1078958","18:49:46"
"RetrieveAndCompare","2876697292","toto","0","0","0","5809","1","-1","2","1","1","74","-1","3","4","-1","-1","-1","45","0","-1","-1","-0.6","-0.4","0","1","1083085","18:49:54"
"RetrieveAndCompare","2876697292","toto","0","0","0","1401","1","-1","1","1","1","75","-1","4","0","-1","-1","1","46","0","-1","-1","0.4","-0.8","0","1","1091397","18:49:58"
"RetrieveAndCompare","2876697292","toto","0","0","0","1353","1","1","2","1","1","76","-1","7","9","-1","-1","-1","47","0","-1","-1","-0.2","1","0","1","1095301","18:50:02"
"RetrieveAndCompare","2876697292","toto","0","0","0","1185","1","1","1","1","1","77","-1","2","8","-1","-1","1","48","0","-1","-1","0.6","0","0","1","1099157","18:50:06"
"RetrieveAndCompare","2876697292","toto","0","0","0","2229","-1","1","2","0","1","78","-1","2","5","-1","-1","-1","47","0","-1","-1","0.6","0.4","0","1","1102848","18:50:10"
"RetrieveAndCompare","2876697292","toto","0","0","0","1929","-1","1","1","1","1","79","-1","6","8","-1","-1","1","46","0","-1","-1","0.2","0","0","1","1107581","18:50:15"
"RetrieveAndCompare","2876697292","toto","0","0","0","1000","-1","-1","2","1","1","80","-1","1","3","-1","-1","-1","45","0","-1","-1","-0.8","0.6","0","1","1112014","18:50:19"
"RetrieveAndCompare","2876697292","toto","0","0","0","3271","-1","1","2","1","1","81","-1","4","1","-1","-1","1","44","0","-1","-1","0.4","0.8","0","0","1115518","18:50:24"
"RetrieveAndCompare","2876697292","toto","0","0","0","2063","-1","-1","2","0","1","82","-1","2","3","-1","-1","-1","43","0","-1","-1","0.6","0.6","0","1","1121294","18:50:29"
"RetrieveAndCompare","2876697292","toto","0","0","0","3712","1","1","2","1","1","83","-1","3","6","-1","-1","-1","44","0","-1","-1","-0.6","-0.2","0","1","1125861","18:50:35"
"RetrieveAndCompare","2876697292","toto","0","0","0","2056","-1","1","2","1","1","84","-1","4","3","-1","-1","-1","43","0","-1","-1","0.4","0.6","0","1","1132077","18:50:40"
"RetrieveAndCompare","2876697292","toto","0","0","0","1767","-1","-1","2","1","1","85","-1","3","3","-1","-1","1","42","0","-1","-1","-0.6","0.6","0","0","1136638","18:50:44"
"RetrieveAndCompare","2876697292","toto","0","0","0","1720","1","-1","2","1","1","86","-1","4","9","-1","-1","-1","43","0","-1","-1","0.4","1","0","1","1140910","18:50:48"
"RetrieveAndCompare","2876697292","toto","0","0","0","1337","1","-1","2","1","1","87","-1","5","9","-1","-1","1","44","0","-1","-1","-0.4","1","0","0","1145133","18:50:52"
"RetrieveAndCompare","2876697292","toto","0","0","0","1633","-1","1","2","1","1","88","-1","7","3","-1","-1","-1","43","0","-1","-1","-0.2","0.6","0","1","1148973","18:50:56"
"RetrieveAndCompare","2876697292","toto","0","0","0","1087","1","-1","2","1","1","89","-1","10","9","-1","-1","-1","44","0","-1","-1","-1","1","1","1","1153111","18:51:00"
"RetrieveAndCompare","2876697292","toto","0","0","0","2472","1","-1","2","1","1","90","-1","7","7","-1","-1","1","45","0","-1","-1","-0.2","0.2","0","0","1156702","18:51:05"
"RetrieveAndCompare","2876697292","toto","0","0","0","1883","-1","-1","2","1","1","91","-1","6","3","-1","-1","-1","44","0","-1","-1","0.2","0.6","0","1","1161683","18:51:09"
"RetrieveAndCompare","2876697292","toto","0","0","0","1623","-1","1","2","1","1","92","-1","3","1","-1","-1","-1","43","0","-1","-1","-0.6","0.8","0","1","1166071","18:51:13"
"RetrieveAndCompare","2876697292","toto","2","0","-1","8971","1","-1","90","-1","1","0","-1","0","-1","-1","-1","-1","44","0","-1","-1","0.8","-1","0","0","1184995","18:51:39"
"RetrieveAndCompare","2876697292","toto","2","0","-1","6129","-1","-1","60","-1","1","1","-1","6","-1","-1","-1","-1","43","0","-1","-1","0.2","-1","0","0","1194670","18:51:46"
"RetrieveAndCompare","2876697292","toto","2","0","-1","5821","1","-1","10","-1","1","2","-1","1","-1","-1","-1","-1","44","0","-1","-1","-0.8","-1","0","0","1201505","18:51:53"
"RetrieveAndCompare","2876697292","toto","2","0","-1","6454","1","-1","50","-1","1","3","-1","8","-1","-1","-1","-1","45","0","-1","-1","0","-1","1","0","1208032","18:52:00"
"RetrieveAndCompare","2876697292","toto","2","0","-1","8422","-1","-1","80","-1","1","4","-1","3","-1","-1","-1","-1","44","0","-1","-1","0.6","-1","1","0","1215192","18:52:09"
"RetrieveAndCompare","2876697292","toto","2","0","-1","8121","1","-1","70","-1","1","5","-1","5","-1","-1","-1","-1","45","0","-1","-1","0.4","-1","1","0","1224317","18:52:18"
"RetrieveAndCompare","2876697292","toto","2","0","-1","3105","1","-1","0","-1","1","6","-1","10","-1","-1","-1","-1","46","0","-1","-1","-1","-1","1","0","1233141","18:52:22"
"RetrieveAndCompare","2876697292","toto","2","0","-1","15792","1","-1","70","-1","1","7","-1","4","-1","-1","-1","-1","47","0","-1","-1","0.4","-1","0","0","1236950","18:52:38"
"RetrieveAndCompare","2876697292","toto","2","0","-1","35452","-1","-1","10","-1","1","8","-1","0","-1","-1","-1","-1","46","0","-1","-1","-0.8","-1","1","0","1253450","18:53:14"
"RetrieveAndCompare","2876697292","toto","2","0","-1","8560","1","-1","80","-1","1","9","-1","2","-1","-1","-1","-1","47","0","-1","-1","0.6","-1","0","0","1289606","18:53:24"
"RetrieveAndCompare","2876697292","toto","2","0","-1","4146","1","-1","100","-1","1","10","-1","9","-1","-1","-1","-1","48","0","-1","-1","1","-1","1","0","1298868","18:53:28"
"RetrieveAndCompare","2876697292","toto","2","0","-1","4234","1","-1","40","-1","1","11","-1","6","-1","-1","-1","-1","49","0","-1","-1","-0.2","-1","1","0","1303716","18:53:33"
"RetrieveAndCompare","2876697292","toto","2","0","-1","3080","-1","-1","90","-1","1","12","-1","1","-1","-1","-1","-1","48","0","-1","-1","0.8","-1","1","0","1308654","18:53:37"
"RetrieveAndCompare","2876697292","toto","2","0","-1","3457","-1","-1","60","-1","1","13","-1","7","-1","-1","-1","-1","47","0","-1","-1","0.2","-1","1","0","1312437","18:53:41"
"RetrieveAndCompare","2876697292","toto","2","0","-1","5975","-1","-1","30","-1","1","14","-1","4","-1","-1","-1","-1","46","0","-1","-1","-0.4","-1","1","0","1316599","18:53:48"
"RetrieveAndCompare","2876697292","toto","2","0","-1","13576","-1","-1","40","-1","1","15","-1","7","-1","-1","-1","-1","45","0","-1","-1","-0.2","-1","0","0","1323278","18:54:02"
"RetrieveAndCompare","2876697292","toto","2","0","-1","4032","1","-1","20","-1","1","16","-1","3","-1","-1","-1","-1","46","0","-1","-1","-0.6","-1","0","0","1337558","18:54:07"
"RetrieveAndCompare","2876697292","toto","2","0","-1","4400","1","-1","20","-1","1","17","-1","2","-1","-1","-1","-1","47","0","-1","-1","-0.6","-1","1","0","1342294","18:54:12"
"RetrieveAndCompare","2876697292","toto","2","0","-1","13969","1","-1","55","-1","1","18","-1","5","-1","-1","-1","-1","48","0","-1","-1","-0.4","-1","0","0","1347397","18:54:27"
"RetrieveAndCompare","1097390265","sdfdsds","-1","-1","-1","1240","-1","-1","2","-1","0","0","-1","-1","-1","8","2","-1","0","-1","2","8","-1","-1","-1","1","13030","17:50:30"
"RetrieveAndCompare","1097390265","sdfdsds","-1","-1","-1","9867","1","-1","2","-1","0","1","-1","-1","-1","8","2","-1","0","-1","2","8","-1","-1","-1","1","16796","17:50:42"
"RetrieveAndCompare","1097390265","sdfdsds","-1","-1","-1","15277","-1","-1","1","-1","0","2","-1","-1","-1","8","2","1","0","-1","2","8","-1","-1","-1","1","29177","17:51:00"
"RetrieveAndCompare","1097390265","sdfdsds","-1","-1","-1","129","1","-1","1","-1","0","3","-1","-1","-1","7","1","-1","0","-1","7","1","-1","-1","-1","0","46969","17:51:02"
"RetrieveAndCompare","1097390265","sdfdsds","-1","-1","-1","706","1","-1","1","-1","0","4","-1","-1","-1","6","3","1","0","-1","3","6","-1","-1","-1","1","49609","17:51:06"
"RetrieveAndCompare","1097390265","sdfdsds","-1","-1","-1","9334","1","-1","1","-1","0","5","-1","-1","-1","3","6","-1","0","-1","3","6","-1","-1","-1","0","52828","17:51:17"
"RetrieveAndCompare","1097390265","sdfdsds","-1","-1","-1","137","-1","-1","1","-1","0","6","-1","-1","-1","5","4","-1","0","-1","5","4","-1","-1","-1","0","64673","17:51:20"
"RetrieveAndCompare","1097390265","sdfdsds","-1","-1","-1","1265","1","-1","1","-1","0","7","-1","-1","-1","7","1","-1","0","-1","7","1","-1","-1","-1","0","67320","17:51:24"
"RetrieveAndCompare","1097390265","sdfdsds","-1","-1","-1","1593","-1","-1","1","-1","0","8","-1","-1","-1","5","4","-1","0","-1","5","4","-1","-1","-1","0","71097","17:51:28"
"RetrieveAndCompare","1097390265","sdfdsds","-1","-1","-1","1591","1","-1","1","-1","0","9","-1","-1","-1","3","6","-1","0","-1","3","6","-1","-1","-1","0","75199","17:51:32"
"RetrieveAndCompare","1097390265","sdfdsds","-1","-1","-1","111","-1","-1","1","-1","0","10","-1","-1","-1","4","5","1","0","-1","5","4","-1","-1","-1","1","79305","17:51:35"
"RetrieveAndCompare","1097390265","sdfdsds","-1","-1","-1","130","-1","-1","1","-1","0","11","-1","-1","-1","1","7","1","0","-1","7","1","-1","-1","-1","1","81927","17:51:37"
"RetrieveAndCompare","1097390265","sdfdsds","0","0","0","6487","-1","1","1","1","1","0","-1","0","6","-1","-1","-1","0","-1","-1","-1","0.8","-0.2","0","0","92546","17:51:54"
"RetrieveAndCompare","1097390265","sdfdsds","0","0","0","138","-1","1","1","0","1","1","-1","10","9","-1","-1","-1","0","-1","-1","-1","-1","1","1","0","101541","17:51:57"
"RetrieveAndCompare","1097390265","sdfdsds","0","0","0","723","-1","-1","1","0","1","2","-1","3","6","-1","-1","1","0","-1","-1","-1","-0.6","-0.2","0","1","104187","17:52:00"
"RetrieveAndCompare","1097390265","sdfdsds","0","0","0","3721","1","1","1","1","1","3","-1","0","0","-1","-1","1","0","-1","-1","-1","0.8","-0.8","0","1","108374","17:52:08"
"RetrieveAndCompare","1097390265","sdfdsds","0","0","0","13819","-1","-1","1","1","1","4","-1","7","6","-1","-1","1","0","-1","-1","-1","-0.2","-0.2","0","1","114605","17:52:24"
"RetrieveAndCompare","1097390265","sdfdsds","0","0","0","4773","-1","-1","1","1","1","5","-1","3","10","-1","-1","1","0","-1","-1","-1","-0.6","-1","0","1","130946","17:52:31"
"RetrieveAndCompare","1097390265","sdfdsds","0","0","0","3500","1","-1","2","0","1","6","-1","5","0","-1","-1","-1","0","-1","-1","-1","-0.4","-0.8","0","1","138228","17:52:37"
"RetrieveAndCompare","1097390265","sdfdsds","0","0","0","4758","-1","1","1","1","1","7","-1","5","2","-1","-1","-1","0","-1","-1","-1","-0.4","-0.6","0","0","144236","17:52:44"
"RetrieveAndCompare","1097390265","sdfdsds","0","0","0","151","1","1","1","0","1","8","-1","2","3","-1","-1","-1","0","-1","-1","-1","-0.6","0.6","1","0","151501","17:52:47"
"RetrieveAndCompare","1097390265","sdfdsds","0","0","0","668","1","-1","1","0","1","9","-1","0","1","-1","-1","-1","0","-1","-1","-1","-0.8","0.8","1","0","154157","17:52:50"
"RetrieveAndCompare","1097390265","sdfdsds","2","0","-1","1422","-1","-1","55","-1","1","0","-1","3","-1","-1","-1","-1","0","-1","-1","-1","-0.6","-1","0","0","177185","17:53:14"
"RetrieveAndCompare","1097390265","sdfdsds","2","0","-1","1069","-1","-1","65","-1","1","1","-1","1","-1","-1","-1","-1","0","-1","-1","-1","-0.8","-1","0","0","179321","17:53:16"
"RetrieveAndCompare","1097390265","sdfdsds","2","0","-1","1123","1","-1","50","-1","1","2","-1","0","-1","-1","-1","-1","0","-1","-1","-1","-0.8","-1","1","0","181100","17:53:18"
"RetrieveAndCompare","1097390265","sdfdsds","2","0","-1","216","1","-1","60","-1","1","3","-1","0","-1","-1","-1","-1","0","-1","-1","-1","0.8","-1","0","0","182927","17:53:18"
"RetrieveAndCompare","1097390265","sdfdsds","2","0","-1","259","1","-1","50","-1","1","4","-1","10","-1","-1","-1","-1","0","-1","-1","-1","-1","-1","1","0","183851","17:53:19"
"RetrieveAndCompare","1097390265","sdfdsds","2","0","-1","529","1","-1","60","-1","1","5","-1","6","-1","-1","-1","-1","0","-1","-1","-1","0.2","-1","0","0","184814","17:53:21"
"RetrieveAndCompare","1097390265","sdfdsds","0","0.9","0.1","13503","1","-1","1","1","1","0","0","0","1","12","16","1","1","0","16","12","0.8","-0.8","-1","1","191680","17:53:40"
"RetrieveAndCompare","1097390265","sdfdsds","0","0.7","0.3","114","1","1","1","1","1","1","2","4","5","11","6","-1","2","0","11","6","0.4","-0.4","-1","0","207691","17:53:43"
"RetrieveAndCompare","1097390265","sdfdsds","0","0.9","0.1","685","1","1","1","1","1","2","0","0","1","16","12","-1","3","0","16","12","0.8","-0.8","-1","0","210315","17:53:46"
"RetrieveAndCompare","1097390265","sdfdsds","0","0.7","0.3","1581","1","-1","1","1","1","3","2","4","5","6","11","1","4","0","11","6","0.4","-0.4","-1","1","213509","17:53:50"
"RetrieveAndCompare","1097390265","sdfdsds","0","0.9","0.1","1586","1","-1","1","1","1","4","0","0","1","16","12","-1","5","0","16","12","0.8","-0.8","-1","0","217598","17:53:54"
"RetrieveAndCompare","1097390265","sdfdsds","0","0.9","0.1","96","1","-1","1","1","1","5","0","0","1","16","12","-1","6","0","16","12","0.8","-0.8","-1","0","221693","17:53:57"
"RetrieveAndCompare","1097390265","sdfdsds","0","0.8","0.2","81","1","-1","1","1","1","6","1","2","3","13","7","-1","7","0","13","7","0.6","-0.6","-1","0","224294","17:54:00"
"RetrieveAndCompare","1097390265","sdfdsds","0","0.8","0.2","650","-1","-1","1","1","1","7","1","2","3","7","13","1","6","0","13","7","0.6","-0.6","-1","1","226883","17:54:03"
"RetrieveAndCompare","1097390265","sdfdsds","0","0.8","0.2","1592","1","1","1","1","1","8","1","2","3","13","7","-1","7","0","13","7","0.6","-0.6","-1","0","230042","17:54:07"
"RetrieveAndCompare","1097390265","sdfdsds","0","0.6","0.4","1591","-1","1","1","1","1","9","3","6","7","8","2","1","6","0","2","8","0.2","-0.2","-1","1","234143","17:54:11"
"RetrieveAndCompare","1097390265","sdfdsds","0","0.9","0.1","107","1","-1","1","1","1","10","0","0","1","16","12","-1","7","0","16","12","0.8","-0.8","-1","0","238239","17:54:14"
"RetrieveAndCompare","1097390265","sdfdsds","0","0.9","0.1","122","1","-1","1","1","1","11","0","0","1","16","12","-1","8","0","16","12","0.8","-0.8","-1","0","240852","17:54:16"
"RetrieveAndCompare","1097390265","sdfdsds","0","0.9","0.1","639","1","-1","1","1","1","12","0","0","1","16","12","-1","9","0","16","12","0.8","-0.8","-1","0","243480","17:54:19"
"RetrieveAndCompare","1097390265","sdfdsds","0","0.8","0.2","1566","-1","-1","1","1","1","13","1","2","3","7","13","1","8","0","13","7","0.6","-0.6","-1","1","246627","17:54:23"
"RetrieveAndCompare","1097390265","sdfdsds","0","0.8","0.2","1562","1","-1","1","1","1","14","1","2","3","7","13","1","9","0","13","7","0.6","-0.6","-1","1","250699","17:54:28"
"RetrieveAndCompare","1097390265","sdfdsds","0","0.6","0.4","111","-1","-1","1","1","1","15","3","6","7","2","8","-1","8","0","2","8","0.2","-0.2","-1","0","254767","17:54:30"
"RetrieveAndCompare","1097390265","sdfdsds","0","0.6","0.4","85","-1","-1","1","1","1","16","3","6","7","2","8","-1","7","0","2","8","0.2","-0.2","-1","0","257383","17:54:33"
"RetrieveAndCompare","1097390265","sdfdsds","0","0.7","0.3","651","1","-1","1","1","1","17","2","4","5","11","6","-1","8","0","11","6","0.4","-0.4","-1","0","259974","17:54:36"
"RetrieveAndCompare","1097390265","sdfdsds","0","0.7","0.3","1576","-1","1","1","1","1","18","2","4","5","11","6","-1","7","0","11","6","0.4","-0.4","-1","0","263138","17:54:40"
"RetrieveAndCompare","1097390265","sdfdsds","0","0.7","0.3","1645","1","-1","1","1","1","19","2","4","5","11","6","-1","8","0","11","6","0.4","-0.4","-1","0","267219","17:54:44"
"RetrieveAndCompare","1097390265","sdfdsds","0","0.6","0.4","120","1","-1","1","1","1","20","3","6","7","8","2","1","9","0","2","8","0.2","-0.2","-1","1","271368","17:54:47"
"RetrieveAndCompare","1097390265","sdfdsds","0","0.8","0.2","95","1","-1","1","1","1","21","1","2","3","13","7","-1","10","0","13","7","0.6","-0.6","-1","0","273993","17:54:49"
"RetrieveAndCompare","1097390265","sdfdsds","0","0.6","0.4","651","-1","-1","1","1","1","22","3","6","7","8","2","1","9","0","2","8","0.2","-0.2","-1","1","276592","17:54:53"
"RetrieveAndCompare","1097390265","sdfdsds","0","0.9","0.1","1579","1","-1","1","1","1","23","0","0","1","16","12","-1","10","0","16","12","0.8","-0.8","-1","0","279749","17:54:57"
"RetrieveAndCompare","1097390265","sdfdsds","0","0.8","0.2","1591","1","-1","1","1","1","24","1","2","3","7","13","1","11","0","13","7","0.6","-0.6","-1","1","283837","17:55:01"
"RetrieveAndCompare","1097390265","sdfdsds","0","0.9","0.1","108","1","-1","1","1","1","25","0","0","1","12","16","1","12","0","16","12","0.8","-0.8","-1","1","287933","17:55:03"
"RetrieveAndCompare","1097390265","sdfdsds","0","0.8","0.2","96","-1","-1","1","1","1","26","1","2","3","7","13","1","11","0","13","7","0.6","-0.6","-1","1","290545","17:55:06"
"RetrieveAndCompare","1097390265","sdfdsds","0","0.8","0.2","633","1","-1","1","1","1","27","1","2","3","7","13","1","12","0","13","7","0.6","-0.6","-1","1","293147","17:55:09"
"RetrieveAndCompare","1097390265","sdfdsds","0","0.8","0.2","1613","1","-1","1","1","1","28","1","2","3","13","7","-1","13","0","13","7","0.6","-0.6","-1","0","296283","17:55:13"
"RetrieveAndCompare","1097390265","sdfdsds","0","0.7","0.3","1564","1","-1","1","1","1","29","2","4","5","6","11","1","14","0","11","6","0.4","-0.4","-1","1","300405","17:55:17"
"RetrieveAndCompare","1097390265","sdfdsds","0","0.9","0.1","100","1","-1","1","1","1","30","0","0","1","16","12","-1","15","0","16","12","0.8","-0.8","-1","0","304477","17:55:20"
"RetrieveAndCompare","1097390265","sdfdsds","0","0.9","0.1","99","1","-1","1","1","1","31","0","0","1","16","12","-1","16","0","16","12","0.8","-0.8","-1","0","307086","17:55:22"
"RetrieveAndCompare","1097390265","sdfdsds","0","0.6","0.4","647","-1","1","1","1","1","32","3","6","7","8","2","1","15","0","2","8","0.2","-0.2","-1","1","309690","17:55:26"
"RetrieveAndCompare","1097390265","sdfdsds","0","0.7","0.3","1575","1","-1","1","1","1","33","2","4","5","6","11","1","16","0","11","6","0.4","-0.4","-1","1","312845","17:55:30"
"RetrieveAndCompare","1097390265","sdfdsds","0","0.8","0.2","1569","1","-1","1","1","1","34","1","2","3","7","13","1","17","0","13","7","0.6","-0.6","-1","1","316926","17:55:34"
"RetrieveAndCompare","1097390265","sdfdsds","0","0.8","0.2","111","1","-1","1","1","1","35","1","2","3","13","7","-1","18","0","13","7","0.6","-0.6","-1","0","320999","17:55:36"
"RetrieveAndCompare","1097390265","sdfdsds","0","0.7","0.3","91","1","1","1","1","1","36","2","4","5","6","11","1","19","0","11","6","0.4","-0.4","-1","1","323616","17:55:39"
"RetrieveAndCompare","1097390265","sdfdsds","0","0.8","0.2","644","1","-1","1","1","1","37","1","2","3","13","7","-1","20","0","13","7","0.6","-0.6","-1","0","326211","17:55:42"
"RetrieveAndCompare","1097390265","sdfdsds","0","0.7","0.3","1584","1","-1","1","1","1","38","2","4","5","6","11","1","21","0","11","6","0.4","-0.4","-1","1","329360","17:55:46"
"RetrieveAndCompare","1097390265","sdfdsds","0","0.7","0.3","1643","1","-1","1","1","1","39","2","4","5","11","6","-1","22","0","11","6","0.4","-0.4","-1","0","333453","17:55:50"
"RetrieveAndCompare","1097390265","sdfdsds","0","0.7","0.3","144","1","-1","1","1","1","40","2","4","5","11","6","-1","23","0","11","6","0.4","-0.4","-1","0","337602","17:55:53"
"RetrieveAndCompare","1097390265","sdfdsds","0","0.7","0.3","97","-1","-1","1","1","1","41","2","4","5","6","11","1","22","0","11","6","0.4","-0.4","-1","1","340251","17:55:56"
"RetrieveAndCompare","1097390265","sdfdsds","0","0.6","0.4","711","-1","1","1","1","1","42","3","6","7","2","8","-1","21","0","2","8","0.2","-0.2","-1","0","342852","17:55:59"
"RetrieveAndCompare","1097390265","sdfdsds","0","0.9","0.1","1593","1","-1","1","1","1","43","0","0","1","16","12","-1","22","0","16","12","0.8","-0.8","-1","0","346067","17:56:03"
"RetrieveAndCompare","1097390265","sdfdsds","0","0.7","0.3","1605","1","1","1","1","1","44","2","4","5","11","6","-1","23","0","11","6","0.4","-0.4","-1","0","350165","17:56:07"
"RetrieveAndCompare","1097390265","sdfdsds","0","0.9","0.1","134","1","-1","1","1","1","45","0","0","1","16","12","-1","24","0","16","12","0.8","-0.8","-1","0","354275","17:56:10"
"RetrieveAndCompare","1097390265","sdfdsds","0","0.6","0.4","136","1","1","1","1","1","46","3","6","7","8","2","1","25","0","2","8","0.2","-0.2","-1","1","356916","17:56:12"
"RetrieveAndCompare","1097390265","sdfdsds","0","0.6","0.4","694","-1","1","1","1","1","47","3","6","7","2","8","-1","24","0","2","8","0.2","-0.2","-1","0","359558","17:56:16"
"RetrieveAndCompare","216483152","sdfsdfdsfsfs","-1","-1","-1","3456","1","-1","1","-1","0","0","-1","-1","-1","3","5","1","0","-1","5","3","-1","-1","-1","1","24075","17:56:17"
"RetrieveAndCompare","1097390265","sdfdsds","0","0.7","0.3","1596","1","-1","1","1","1","48","2","4","5","6","11","1","25","0","11","6","0.4","-0.4","-1","1","362756","17:56:20"
"RetrieveAndCompare","216483152","sdfsdfdsfsfs","-1","-1","-1","110","1","-1","2","-1","0","1","-1","-1","-1","5","3","1","0","-1","5","3","-1","-1","-1","0","30053","17:56:20"
"RetrieveAndCompare","216483152","sdfsdfdsfsfs","-1","-1","-1","216","1","-1","2","-1","0","2","-1","-1","-1","4","1","1","0","-1","4","1","-1","-1","-1","0","32675","17:56:23"
"RetrieveAndCompare","1097390265","sdfdsds","0","0.6","0.4","1597","-1","1","1","1","1","49","3","6","7","8","2","1","24","0","2","8","0.2","-0.2","-1","1","366862","17:56:24"
"RetrieveAndCompare","216483152","sdfsdfdsfsfs","-1","-1","-1","139","-1","-1","2","-1","0","3","-1","-1","-1","7","8","1","0","-1","7","8","-1","-1","-1","0","35407","17:56:25"
"RetrieveAndCompare","1097390265","sdfdsds","0","0.8","0.2","121","1","-1","1","1","1","50","1","2","3","7","13","1","25","0","13","7","0.6","-0.6","-1","1","370971","17:56:26"
"RetrieveAndCompare","216483152","sdfsdfdsfsfs","-1","-1","-1","320","-1","-1","1","-1","0","4","-1","-1","-1","1","4","1","0","-1","4","1","-1","-1","-1","1","38059","17:56:28"
"RetrieveAndCompare","1097390265","sdfdsds","0","0.7","0.3","106","1","-1","1","1","1","51","2","4","5","6","11","1","26","0","11","6","0.4","-0.4","-1","1","373599","17:56:29"
"RetrieveAndCompare","216483152","sdfsdfdsfsfs","-1","-1","-1","90","-1","-1","1","-1","0","5","-1","-1","-1","8","7","1","0","-1","7","8","-1","-1","-1","1","40889","17:56:31"
"RetrieveAndCompare","1097390265","sdfdsds","0","0.9","0.1","660","1","-1","1","1","1","52","0","0","1","16","12","-1","27","0","16","12","0.8","-0.8","-1","0","376209","17:56:32"
"RetrieveAndCompare","216483152","sdfsdfdsfsfs","-1","-1","-1","227","-1","-1","2","-1","0","6","-1","-1","-1","5","3","1","0","-1","5","3","-1","-1","-1","0","43488","17:56:33"
"RetrieveAndCompare","216483152","sdfsdfdsfsfs","-1","-1","-1","165","1","-1","2","-1","0","7","-1","-1","-1","6","2","1","0","-1","6","2","-1","-1","-1","0","46222","17:56:36"
"RetrieveAndCompare","1097390265","sdfdsds","0","0.9","0.1","1622","-1","-1","1","1","1","53","0","0","1","12","16","1","26","0","16","12","0.8","-0.8","-1","1","379376","17:56:36"
"RetrieveAndCompare","216483152","sdfsdfdsfsfs","-1","-1","-1","491","1","-1","2","-1","0","8","-1","-1","-1","6","2","1","0","-1","6","2","-1","-1","-1","0","48896","17:56:39"
"RetrieveAndCompare","1097390265","sdfdsds","0","0.8","0.2","1608","1","1","1","1","1","54","1","2","3","13","7","-1","27","0","13","7","0.6","-0.6","-1","0","383507","17:56:40"
"RetrieveAndCompare","216483152","sdfsdfdsfsfs","-1","-1","-1","179","-1","-1","1","-1","0","9","-1","-1","-1","2","6","1","0","-1","6","2","-1","-1","-1","1","51895","17:56:42"
"RetrieveAndCompare","1097390265","sdfdsds","0","0.8","0.2","115","1","-1","1","1","1","55","1","2","3","13","7","-1","28","0","13","7","0.6","-0.6","-1","0","387625","17:56:43"
"RetrieveAndCompare","1097390265","sdfdsds","0","0.6","0.4","125","-1","-1","1","1","1","56","3","6","7","8","2","1","27","0","2","8","0.2","-0.2","-1","1","390246","17:56:46"
"RetrieveAndCompare","1097390265","sdfdsds","0","0.6","0.4","661","1","1","1","1","1","57","3","6","7","2","8","-1","28","0","2","8","0.2","-0.2","-1","0","392876","17:56:49"
"RetrieveAndCompare","216483152","sdfsdfdsfsfs","-1","-1","-1","5875","1","-1","1","-1","0","10","-1","-1","-1","1","4","1","0","-1","4","1","-1","-1","-1","1","54584","17:56:50"
"RetrieveAndCompare","1097390265","sdfdsds","0","0.6","0.4","1587","1","-1","1","1","1","58","3","6","7","2","8","-1","29","0","2","8","0.2","-0.2","-1","0","396043","17:56:53"
"RetrieveAndCompare","216483152","sdfsdfdsfsfs","-1","-1","-1","394","-1","-1","2","-1","0","11","-1","-1","-1","7","8","1","0","-1","7","8","-1","-1","-1","0","62969","17:56:53"
"RetrieveAndCompare","1097390265","sdfdsds","0","0.7","0.3","1598","1","-1","1","1","1","59","2","4","5","11","6","-1","30","0","11","6","0.4","-0.4","-1","0","400136","17:56:57"
"RetrieveAndCompare","1097390265","sdfdsds","0","0.6","0.4","115","1","-1","1","1","1","60","3","6","7","2","8","-1","31","0","2","8","0.2","-0.2","-1","0","404241","17:57:00"
"RetrieveAndCompare","216483152","sdfsdfdsfsfs","0","0","0","1025","-1","-1","1","1","1","0","-1","1","10","-1","-1","1","0","-1","-1","-1","-0.8","-1","0","1","71427","17:57:02"
"RetrieveAndCompare","1097390265","sdfdsds","0","0.6","0.4","100","1","-1","1","1","1","61","3","6","7","8","2","1","32","0","2","8","0.2","-0.2","-1","1","406862","17:57:02"
"RetrieveAndCompare","1097390265","sdfdsds","0","0.6","0.4","688","-1","1","1","1","1","62","3","6","7","2","8","-1","31","0","2","8","0.2","-0.2","-1","0","409471","17:57:05"
"RetrieveAndCompare","216483152","sdfsdfdsfsfs","0","0","0","2654","1","1","1","1","1","1","-1","8","4","-1","-1","1","0","-1","-1","-1","0","-0.4","0","1","74965","17:57:07"
"RetrieveAndCompare","1097390265","sdfdsds","0","0.9","0.1","1590","1","1","1","1","1","63","0","0","1","16","12","-1","32","0","16","12","0.8","-0.8","-1","0","412670","17:57:10"
"RetrieveAndCompare","216483152","sdfsdfdsfsfs","0","0","0","676","-1","-1","2","1","1","2","-1","3","6","-1","-1","1","0","-1","-1","-1","-0.6","-0.2","0","0","80127","17:57:10"
"RetrieveAndCompare","216483152","sdfsdfdsfsfs","0","0","0","524","1","-1","2","1","1","3","-1","1","6","-1","-1","1","0","-1","-1","-1","-0.8","-0.2","0","0","83310","17:57:13"
"RetrieveAndCompare","1097390265","sdfdsds","0","0.9","0.1","1598","1","-1","1","1","1","64","0","0","1","16","12","-1","33","0","16","12","0.8","-0.8","-1","0","416766","17:57:14"
"RetrieveAndCompare","216483152","sdfsdfdsfsfs","0","0","0","120","-1","1","1","0","1","4","-1","1","0","-1","-1","1","0","-1","-1","-1","-0.8","-0.8","0","1","86339","17:57:16"
"RetrieveAndCompare","1097390265","sdfdsds","0","0.6","0.4","136","1","-1","1","1","1","65","3","6","7","8","2","1","34","0","2","8","0.2","-0.2","-1","1","420872","17:57:16"
"RetrieveAndCompare","216483152","sdfsdfdsfsfs","0","0","0","327","-1","-1","2","0","1","5","-1","8","10","-1","-1","1","0","-1","-1","-1","0","-1","0","0","88964","17:57:19"
"RetrieveAndCompare","1097390265","sdfdsds","0","0.7","0.3","145","-1","-1","1","1","1","66","2","4","5","6","11","1","33","0","11","6","0.4","-0.4","-1","1","423515","17:57:20"
"RetrieveAndCompare","216483152","sdfsdfdsfsfs","0","0","0","278","1","1","2","1","1","6","-1","5","6","-1","-1","1","0","-1","-1","-1","-0.4","-0.2","0","0","91797","17:57:22"
"RetrieveAndCompare","1097390265","sdfdsds","0","0.8","0.2","639","1","-1","1","1","1","67","1","2","3","7","13","1","34","0","13","7","0.6","-0.6","-1","1","426166","17:57:22"
"RetrieveAndCompare","216483152","sdfsdfdsfsfs","0","0","0","439","-1","1","1","0","1","7","-1","1","2","-1","-1","1","0","-1","-1","-1","-0.8","-0.6","0","1","94580","17:57:25"
"RetrieveAndCompare","1097390265","sdfdsds","0","0.9","0.1","1593","1","-1","1","1","1","68","0","0","1","16","12","-1","35","0","16","12","0.8","-0.8","-1","0","429315","17:57:26"
"RetrieveAndCompare","216483152","sdfsdfdsfsfs","0","0","0","424","-1","1","2","1","1","8","-1","6","7","-1","-1","1","0","-1","-1","-1","-0.2","0.2","1","0","97523","17:57:28"
"RetrieveAndCompare","1097390265","sdfdsds","0","0.9","0.1","1557","1","-1","1","1","1","69","0","0","1","12","16","1","36","0","16","12","0.8","-0.8","-1","1","433417","17:57:30"
"RetrieveAndCompare","216483152","sdfsdfdsfsfs","0","0","0","2630","-1","-1","2","1","1","9","-1","1","4","-1","-1","-1","0","-1","-1","-1","-0.8","-0.4","0","1","100449","17:57:33"
"RetrieveAndCompare","1097390265","sdfdsds","0","0.6","0.4","83","1","-1","1","1","1","70","3","6","7","2","8","-1","37","0","2","8","0.2","-0.2","-1","0","437485","17:57:33"
"RetrieveAndCompare","1097390265","sdfdsds","0","0.6","0.4","79","-1","-1","1","1","1","71","3","6","7","2","8","-1","36","0","2","8","0.2","-0.2","-1","0","440075","17:57:35"
"RetrieveAndCompare","1097390265","sdfdsds","0","0.9","0.1","642","1","-1","1","1","1","72","0","0","1","12","16","1","37","0","16","12","0.8","-0.8","-1","1","442659","17:57:39"
"RetrieveAndCompare","1097390265","sdfdsds","0","0.9","0.1","1568","1","-1","1","1","1","73","0","0","1","12","16","1","38","0","16","12","0.8","-0.8","-1","1","445811","17:57:43"
"RetrieveAndCompare","1097390265","sdfdsds","0","0.7","0.3","1569","1","-1","1","1","1","74","2","4","5","6","11","1","39","0","11","6","0.4","-0.4","-1","1","449888","17:57:47"
"RetrieveAndCompare","1097390265","sdfdsds","0","0.9","0.1","112","1","-1","1","1","1","75","0","0","1","12","16","1","40","0","16","12","0.8","-0.8","-1","1","453963","17:57:49"
"RetrieveAndCompare","1097390265","sdfdsds","0","0.6","0.4","92","1","-1","1","1","1","76","3","6","7","8","2","1","41","0","2","8","0.2","-0.2","-1","1","456580","17:57:52"
"RetrieveAndCompare","1097390265","sdfdsds","0","0.7","0.3","641","-1","-1","1","1","1","77","2","4","5","6","11","1","40","0","11","6","0.4","-0.4","-1","1","459178","17:57:55"
"RetrieveAndCompare","1097390265","sdfdsds","0","0.9","0.1","1583","1","-1","1","1","1","78","0","0","1","12","16","1","41","0","16","12","0.8","-0.8","-1","1","462323","17:57:59"
"RetrieveAndCompare","1097390265","sdfdsds","0","0.9","0.1","1576","1","-1","1","1","1","79","0","0","1","16","12","-1","42","0","16","12","0.8","-0.8","-1","0","466410","17:58:03"
"RetrieveAndCompare","1097390265","sdfdsds","0","0.6","0.4","105","-1","1","1","1","1","80","3","6","7","2","8","-1","41","0","2","8","0.2","-0.2","-1","0","470491","17:58:06"
"RetrieveAndCompare","1097390265","sdfdsds","0","0.9","0.1","99","1","-1","1","1","1","81","0","0","1","16","12","-1","42","0","16","12","0.8","-0.8","-1","0","473101","17:58:08"
"RetrieveAndCompare","1097390265","sdfdsds","0","0.6","0.4","625","-1","-1","1","1","1","82","3","6","7","2","8","-1","41","0","2","8","0.2","-0.2","-1","0","475703","17:58:12"
"RetrieveAndCompare","1097390265","sdfdsds","0","0.8","0.2","1569","1","1","1","1","1","83","1","2","3","7","13","1","42","0","13","7","0.6","-0.6","-1","1","478837","17:58:16"
"RetrieveAndCompare","1097390265","sdfdsds","0","0.7","0.3","1572","1","1","1","1","1","84","2","4","5","11","6","-1","43","0","11","6","0.4","-0.4","-1","0","482918","17:58:20"
"RetrieveAndCompare","1097390265","sdfdsds","0","0.7","0.3","81","-1","1","1","1","1","85","2","4","5","11","6","-1","42","0","11","6","0.4","-0.4","-1","0","486994","17:58:22"
"RetrieveAndCompare","1097390265","sdfdsds","0","0.7","0.3","83","1","1","1","1","1","86","2","4","5","11","6","-1","43","0","11","6","0.4","-0.4","-1","0","489583","17:58:25"
"RetrieveAndCompare","1097390265","sdfdsds","0","0.6","0.4","644","-1","1","1","1","1","87","3","6","7","2","8","-1","42","0","2","8","0.2","-0.2","-1","0","492169","17:58:28"
"RetrieveAndCompare","1097390265","sdfdsds","0","0.9","0.1","1570","1","-1","1","1","1","88","0","0","1","12","16","1","43","0","16","12","0.8","-0.8","-1","1","495323","17:58:32"
"RetrieveAndCompare","1097390265","sdfdsds","0","0.9","0.1","1567","1","-1","1","1","1","89","0","0","1","16","12","-1","44","0","16","12","0.8","-0.8","-1","0","499404","17:58:36"
"RetrieveAndCompare","1097390265","sdfdsds","0","0.7","0.3","86","1","1","1","1","1","90","2","4","5","11","6","-1","45","0","11","6","0.4","-0.4","-1","0","503476","17:58:39"
"RetrieveAndCompare","1097390265","sdfdsds","0","0.8","0.2","94","1","-1","1","1","1","91","1","2","3","13","7","-1","46","0","13","7","0.6","-0.6","-1","0","506069","17:58:41"
"RetrieveAndCompare","1097390265","sdfdsds","0","0.6","0.4","656","-1","-1","1","1","1","92","3","6","7","2","8","-1","45","0","2","8","0.2","-0.2","-1","0","508666","17:58:45"
"RetrieveAndCompare","1097390265","sdfdsds","0","0.6","0.4","1578","-1","1","1","1","1","93","3","6","7","2","8","-1","44","0","2","8","0.2","-0.2","-1","0","511830","17:58:49"
"RetrieveAndCompare","1097390265","sdfdsds","0","0.8","0.2","1556","-1","-1","1","1","1","94","1","2","3","7","13","1","43","0","13","7","0.6","-0.6","-1","1","515915","17:58:53"
"RetrieveAndCompare","1097390265","sdfdsds","0","0.9","0.1","104","1","1","1","1","1","95","0","0","1","12","16","1","44","0","16","12","0.8","-0.8","-1","1","519976","17:58:55"
"RetrieveAndCompare","1097390265","sdfdsds","0","0.7","0.3","106","1","1","1","1","1","96","2","4","5","11","6","-1","45","0","11","6","0.4","-0.4","-1","0","522583","17:58:58"
"RetrieveAndCompare","1097390265","sdfdsds","0","0.8","0.2","644","1","-1","1","1","1","97","1","2","3","13","7","-1","46","0","13","7","0.6","-0.6","-1","0","525194","17:59:01"
"RetrieveAndCompare","1097390265","sdfdsds","0","0.7","0.3","1565","-1","1","1","1","1","98","2","4","5","11","6","-1","45","0","11","6","0.4","-0.4","-1","0","528342","17:59:05"
"RetrieveAndCompare","1097390265","sdfdsds","0","0.7","0.3","1575","1","1","1","1","1","99","2","4","5","11","6","-1","46","0","11","6","0.4","-0.4","-1","0","532412","17:59:09"
"RetrieveAndCompare","1097390265","sdfdsds","0","0.6","0.4","116","1","1","1","1","1","100","3","6","7","2","8","-1","47","0","2","8","0.2","-0.2","-1","0","536498","17:59:12"
"RetrieveAndCompare","1097390265","sdfdsds","0","0.8","0.2","90","-1","-1","1","1","1","101","1","2","3","7","13","1","46","0","13","7","0.6","-0.6","-1","1","539121","17:59:15"
"RetrieveAndCompare","1097390265","sdfdsds","0","0.6","0.4","620","1","1","1","1","1","102","3","6","7","2","8","-1","47","0","2","8","0.2","-0.2","-1","0","541717","17:59:18"
"RetrieveAndCompare","1097390265","sdfdsds","0","0.7","0.3","1561","1","-1","1","1","1","103","2","4","5","6","11","1","48","0","11","6","0.4","-0.4","-1","1","544841","17:59:22"
"RetrieveAndCompare","1097390265","sdfdsds","0","0.8","0.2","1582","1","1","1","1","1","104","1","2","3","13","7","-1","49","0","13","7","0.6","-0.6","-1","0","548907","17:59:26"
"RetrieveAndCompare","1097390265","sdfdsds","0","0.7","0.3","95","-1","1","1","1","1","105","2","4","5","11","6","-1","48","0","11","6","0.4","-0.4","-1","0","552996","17:59:28"
"RetrieveAndCompare","1097390265","sdfdsds","0","0.7","0.3","91","-1","1","1","1","1","106","2","4","5","11","6","-1","47","0","11","6","0.4","-0.4","-1","0","555597","17:59:31"
"RetrieveAndCompare","1097390265","sdfdsds","0","0.8","0.2","635","1","-1","1","1","1","107","1","2","3","7","13","1","48","0","13","7","0.6","-0.6","-1","1","558194","17:59:34"
"RetrieveAndCompare","1097390265","sdfdsds","0","0.8","0.2","1582","1","1","1","1","1","108","1","2","3","7","13","1","49","0","13","7","0.6","-0.6","-1","1","561333","17:59:39"
"RetrieveAndCompare","1097390265","sdfdsds","0","0.6","0.4","1583","-1","-1","1","1","1","109","3","6","7","8","2","1","48","0","2","8","0.2","-0.2","-1","1","565421","17:59:42"
"RetrieveAndCompare","1097390265","sdfdsds","0","0.8","0.2","102","1","1","1","1","1","110","1","2","3","13","7","-1","49","0","13","7","0.6","-0.6","-1","0","569513","17:59:45"
"RetrieveAndCompare","1097390265","sdfdsds","0","0.6","0.4","90","1","-1","1","1","1","111","3","6","7","2","8","-1","50","0","2","8","0.2","-0.2","-1","0","572119","17:59:47"
"RetrieveAndCompare","1097390265","sdfdsds","0","0.8","0.2","630","1","-1","1","1","1","112","1","2","3","13","7","-1","51","0","13","7","0.6","-0.6","-1","0","574716","17:59:51"
"RetrieveAndCompare","1097390265","sdfdsds","0","0.9","0.1","1586","1","-1","1","1","1","113","0","0","1","16","12","-1","52","0","16","12","0.8","-0.8","-1","0","577851","17:59:55"
"RetrieveAndCompare","1097390265","sdfdsds","0","0.8","0.2","1572","1","-1","1","1","1","114","1","2","3","13","7","-1","53","0","13","7","0.6","-0.6","-1","0","581940","17:59:59"
"RetrieveAndCompare","1097390265","sdfdsds","0","0.6","0.4","101","1","1","1","1","1","115","3","6","7","2","8","-1","54","0","2","8","0.2","-0.2","-1","0","586015","18:00:01"
"RetrieveAndCompare","1097390265","sdfdsds","0","0.8","0.2","90","1","-1","1","1","1","116","1","2","3","13","7","-1","55","0","13","7","0.6","-0.6","-1","0","588630","18:00:04"
"RetrieveAndCompare","1097390265","sdfdsds","0","0.7","0.3","639","1","-1","1","1","1","117","2","4","5","6","11","1","56","0","11","6","0.4","-0.4","-1","1","591228","18:00:07"
"RetrieveAndCompare","1097390265","sdfdsds","0","0.9","0.1","1565","1","-1","1","1","1","118","0","0","1","16","12","-1","57","0","16","12","0.8","-0.8","-1","0","594373","18:00:11"
"RetrieveAndCompare","1097390265","sdfdsds","0","0.8","0.2","1569","1","-1","1","1","1","119","1","2","3","13","7","-1","58","0","13","7","0.6","-0.6","-1","0","598446","18:00:15"
