"RetrieveAndCompare","9238472788","5a7484db2a842c0001fc2125","SES-13","5","13","5","5","17083","13:58:18"
"RetrieveAndCompare","9238472788","5a7484db2a842c0001fc2125","SES-13","5","12","2","2","6244","13:58:01"
"RetrieveAndCompare","9238472788","5a7484db2a842c0001fc2125","SES-13","5","11","3","3","2652","13:57:54"
"RetrieveAndCompare","9238472788","5a7484db2a842c0001fc2125","SES-13","5","10","3","3","4370","13:57:52"
"RetrieveAndCompare","9238472788","5a7484db2a842c0001fc2125","SES-13","5","9","4","4","6258","13:57:47"
"RetrieveAndCompare","9238472788","5a7484db2a842c0001fc2125","SES-13","5","8","2","2","3851","13:57:41"
"RetrieveAndCompare","9238472788","5a7484db2a842c0001fc2125","SES-13","5","7","2","2","6449","13:57:37"
"RetrieveAndCompare","9238472788","5a7484db2a842c0001fc2125","SES-13","5","6","3","3","7032","13:57:31"
"RetrieveAndCompare","9238472788","5a7484db2a842c0001fc2125","SES-13","5","5","2","2","5559","13:57:24"
"RetrieveAndCompare","9238472788","5a7484db2a842c0001fc2125","SES-13","5","4","3","3","5432","13:57:18"
"RetrieveAndCompare","9238472788","5a7484db2a842c0001fc2125","SES-13","5","3","2","2","7449","13:57:13"
"RetrieveAndCompare","9238472788","5a7484db2a842c0001fc2125","SES-13","5","2","3","3","4879","13:57:05"
"RetrieveAndCompare","9238472788","5a7484db2a842c0001fc2125","SES-13","5","1","3","3","6656","13:57:00"
"RetrieveAndCompare","9238472788","5a7484db2a842c0001fc2125","SES-13_instruction","5","1","1","1","4361","13:56:54"
"RetrieveAndCompare","9238472788","5a7484db2a842c0001fc2125","CRT-7","1","7","0","0","17065","13:56:49"
"RetrieveAndCompare","9238472788","5a7484db2a842c0001fc2125","CRT-7","1","6","1","1","47722","13:56:32"
"RetrieveAndCompare","9238472788","5a7484db2a842c0001fc2125","CRT-7","1","5","1","1","15380","13:55:45"
"RetrieveAndCompare","9238472788","5a7484db2a842c0001fc2125","CRT-7","1","4","1","1","55283","13:55:29"
"RetrieveAndCompare","9238472788","5a7484db2a842c0001fc2125","CRT-7","1","3","0","0","50917","13:54:34"
"RetrieveAndCompare","9238472788","5a7484db2a842c0001fc2125","CRT-7","1","2","2","2","28117","13:53:43"
"RetrieveAndCompare","9238472788","5a7484db2a842c0001fc2125","CRT-7","1","1","1","1","8588","13:53:15"
"RetrieveAndCompare","7883941204","5c1522f64c29140001cdad7e","SES-13","5","13","7","7","32379","13:24:48"
"RetrieveAndCompare","7883941204","5c1522f64c29140001cdad7e","SES-13","5","12","2","2","7890","13:24:15"
"RetrieveAndCompare","7883941204","5c1522f64c29140001cdad7e","SES-13","5","11","6","6","9185","13:24:08"
"RetrieveAndCompare","7883941204","5c1522f64c29140001cdad7e","SES-13","5","10","1","1","6759","13:23:58"
"RetrieveAndCompare","7883941204","5c1522f64c29140001cdad7e","SES-13","5","9","3","3","9362","13:23:52"
"RetrieveAndCompare","7883941204","5c1522f64c29140001cdad7e","SES-13","5","8","2","2","5482","13:23:42"
"RetrieveAndCompare","7883941204","5c1522f64c29140001cdad7e","SES-13","5","7","8","8","10091","13:23:37"
"RetrieveAndCompare","7883941204","5c1522f64c29140001cdad7e","SES-13","5","6","2","2","11972","13:23:27"
"RetrieveAndCompare","7883941204","5c1522f64c29140001cdad7e","SES-13","5","5","2","2","7947","13:23:15"
"RetrieveAndCompare","7883941204","5c1522f64c29140001cdad7e","SES-13","5","4","7","7","5481","13:23:07"
"RetrieveAndCompare","7883941204","5c1522f64c29140001cdad7e","SES-13","5","3","2","2","8979","13:23:01"
"RetrieveAndCompare","8496490752","5d484ba31b31c00001808bf3","SES-13","5","13","6","6","13863","13:23:00"
"RetrieveAndCompare","7883941204","5c1522f64c29140001cdad7e","SES-13","5","2","3","3","12229","13:22:52"
"RetrieveAndCompare","8496490752","5d484ba31b31c00001808bf3","SES-13","5","12","9","9","5974","13:22:46"
"RetrieveAndCompare","8496490752","5d484ba31b31c00001808bf3","SES-13","5","11","6","6","5198","13:22:41"
"RetrieveAndCompare","7883941204","5c1522f64c29140001cdad7e","SES-13","5","1","9","9","11591","13:22:40"
"RetrieveAndCompare","8496490752","5d484ba31b31c00001808bf3","SES-13","5","10","6","6","8223","13:22:35"
"RetrieveAndCompare","7883941204","5c1522f64c29140001cdad7e","SES-13_instruction","5","1","1","1","16520","13:22:29"
"RetrieveAndCompare","8496490752","5d484ba31b31c00001808bf3","SES-13","5","9","8","8","4870","13:22:27"
"RetrieveAndCompare","8496490752","5d484ba31b31c00001808bf3","SES-13","5","8","5","5","9518","13:22:22"
"RetrieveAndCompare","8496490752","5d484ba31b31c00001808bf3","SES-13","5","7","9","9","10918","13:22:13"
"RetrieveAndCompare","7883941204","5c1522f64c29140001cdad7e","CRT-7","1","7","2","2","38086","13:22:12"
"RetrieveAndCompare","8496490752","5d484ba31b31c00001808bf3","SES-13","5","6","1","1","7501","13:22:02"
"RetrieveAndCompare","8496490752","5d484ba31b31c00001808bf3","SES-13","5","5","1","1","5230","13:21:54"
"RetrieveAndCompare","8496490752","5d484ba31b31c00001808bf3","SES-13","5","4","2","2","11518","13:21:49"
"RetrieveAndCompare","7564638024","5d4ae69ed7084d001df4b323","SES-13","5","13","7","7","17011","13:21:38"
"RetrieveAndCompare","8496490752","5d484ba31b31c00001808bf3","SES-13","5","3","3","3","7732","13:21:38"
"RetrieveAndCompare","7883941204","5c1522f64c29140001cdad7e","CRT-7","1","6","1","1","23568","13:21:34"
"RetrieveAndCompare","8496490752","5d484ba31b31c00001808bf3","SES-13","5","2","5","5","6014","13:21:30"
"RetrieveAndCompare","8496490752","5d484ba31b31c00001808bf3","SES-13","5","1","1","1","10782","13:21:24"
"RetrieveAndCompare","7564638024","5d4ae69ed7084d001df4b323","SES-13","5","12","7","7","4991","13:21:21"
"RetrieveAndCompare","7564638024","5d4ae69ed7084d001df4b323","SES-13","5","11","7","7","8369","13:21:16"
"RetrieveAndCompare","8496490752","5d484ba31b31c00001808bf3","SES-13_instruction","5","1","1","1","6803","13:21:13"
"RetrieveAndCompare","7883941204","5c1522f64c29140001cdad7e","CRT-7","1","5","1","1","18307","13:21:10"
"RetrieveAndCompare","7564638024","5d4ae69ed7084d001df4b323","SES-13","5","10","5","5","6672","13:21:07"
"RetrieveAndCompare","8496490752","5d484ba31b31c00001808bf3","CRT-7","1","7","2","2","27688","13:21:06"
"RetrieveAndCompare","7564638024","5d4ae69ed7084d001df4b323","SES-13","5","9","5","5","8998","13:21:00"
"RetrieveAndCompare","7883941204","5c1522f64c29140001cdad7e","CRT-7","1","4","2","2","106014","13:20:52"
"RetrieveAndCompare","7564638024","5d4ae69ed7084d001df4b323","SES-13","5","8","5","5","6700","13:20:51"
"RetrieveAndCompare","8774610124","58d6677fac73bd0001341444","SES-13","5","13","6","6","33993","13:20:48"
"RetrieveAndCompare","7564638024","5d4ae69ed7084d001df4b323","SES-13","5","7","9","9","5834","13:20:45"
"RetrieveAndCompare","7564638024","5d4ae69ed7084d001df4b323","SES-13","5","6","7","7","7100","13:20:39"
"RetrieveAndCompare","8496490752","5d484ba31b31c00001808bf3","CRT-7","1","6","2","2","53107","13:20:39"
"RetrieveAndCompare","7564638024","5d4ae69ed7084d001df4b323","SES-13","5","5","1","1","5858","13:20:32"
"RetrieveAndCompare","7564638024","5d4ae69ed7084d001df4b323","SES-13","5","4","6","6","8464","13:20:26"
"RetrieveAndCompare","7564638024","5d4ae69ed7084d001df4b323","SES-13","5","3","5","5","7466","13:20:17"
"RetrieveAndCompare","8774610124","58d6677fac73bd0001341444","SES-13","5","12","1","1","8035","13:20:14"
"RetrieveAndCompare","7564638024","5d4ae69ed7084d001df4b323","SES-13","5","2","9","9","4603","13:20:10"
"RetrieveAndCompare","8774610124","58d6677fac73bd0001341444","SES-13","5","11","1","1","9810","13:20:06"
"RetrieveAndCompare","7564638024","5d4ae69ed7084d001df4b323","SES-13","5","1","7","7","8888","13:20:05"
"RetrieveAndCompare","7564638024","5d4ae69ed7084d001df4b323","SES-13_instruction","5","1","1","1","11376","13:19:57"
"RetrieveAndCompare","8774610124","58d6677fac73bd0001341444","SES-13","5","10","1","1","6201","13:19:56"
"RetrieveAndCompare","8774610124","58d6677fac73bd0001341444","SES-13","5","9","1","1","6716","13:19:50"
"RetrieveAndCompare","7564638024","5d4ae69ed7084d001df4b323","CRT-7","1","7","2","2","49313","13:19:45"
"RetrieveAndCompare","8496490752","5d484ba31b31c00001808bf3","CRT-7","1","5","2","2","11078","13:19:45"
"RetrieveAndCompare","8774610124","58d6677fac73bd0001341444","SES-13","5","8","1","1","7590","13:19:44"
"RetrieveAndCompare","8774610124","58d6677fac73bd0001341444","SES-13","5","7","4","4","24287","13:19:36"
"RetrieveAndCompare","8496490752","5d484ba31b31c00001808bf3","CRT-7","1","4","2","2","46238","13:19:34"
"RetrieveAndCompare","8774610124","58d6677fac73bd0001341444","SES-13","5","6","5","5","16045","13:19:12"
"RetrieveAndCompare","7883941204","5c1522f64c29140001cdad7e","CRT-7","1","3","0","0","236275","13:19:06"
"RetrieveAndCompare","7564638024","5d4ae69ed7084d001df4b323","CRT-7","1","6","0","0","29042","13:18:56"
"RetrieveAndCompare","8774610124","58d6677fac73bd0001341444","SES-13","5","5","3","3","20623","13:18:56"
"RetrieveAndCompare","8496490752","5d484ba31b31c00001808bf3","CRT-7","1","3","2","2","54158","13:18:48"
"RetrieveAndCompare","8774610124","58d6677fac73bd0001341444","SES-13","5","4","3","3","22097","13:18:35"
"RetrieveAndCompare","7564638024","5d4ae69ed7084d001df4b323","CRT-7","1","5","2","2","59632","13:18:27"
"RetrieveAndCompare","8774610124","58d6677fac73bd0001341444","SES-13","5","3","1","1","17284","13:18:13"
"RetrieveAndCompare","8774610124","58d6677fac73bd0001341444","SES-13","5","2","1","1","10135","13:17:56"
"RetrieveAndCompare","8496490752","5d484ba31b31c00001808bf3","CRT-7","1","2","2","2","51772","13:17:54"
"RetrieveAndCompare","8774610124","58d6677fac73bd0001341444","SES-13","5","1","6","6","22509","13:17:45"
"RetrieveAndCompare","7564638024","5d4ae69ed7084d001df4b323","CRT-7","1","4","2","2","39355","13:17:27"
"RetrieveAndCompare","8774610124","58d6677fac73bd0001341444","SES-13_instruction","5","1","1","1","14722","13:17:23"
"RetrieveAndCompare","8774610124","58d6677fac73bd0001341444","CRT-7","1","7","0","0","37933","13:17:08"
"RetrieveAndCompare","8496490752","5d484ba31b31c00001808bf3","CRT-7","1","1","2","2","52313","13:17:02"
"RetrieveAndCompare","7564638024","5d4ae69ed7084d001df4b323","CRT-7","1","3","2","2","9238","13:16:48"
"RetrieveAndCompare","7564638024","5d4ae69ed7084d001df4b323","CRT-7","1","2","2","2","13348","13:16:39"
"RetrieveAndCompare","8774610124","58d6677fac73bd0001341444","CRT-7","1","6","2","2","32868","13:16:30"
"RetrieveAndCompare","7564638024","5d4ae69ed7084d001df4b323","CRT-7","1","1","2","2","19437","13:16:25"
"RetrieveAndCompare","8774610124","58d6677fac73bd0001341444","CRT-7","1","5","0","0","37081","13:15:59"
"RetrieveAndCompare","8774610124","58d6677fac73bd0001341444","CRT-7","1","4","0","0","36021","13:15:20"
"RetrieveAndCompare","2435909653","5bb34283c5888d000149402f","SES-13","5","13","6","6","17716","13:15:19"
"RetrieveAndCompare","7883941204","5c1522f64c29140001cdad7e","CRT-7","1","2","2","2","122102","13:15:10"
"RetrieveAndCompare","2435909653","5bb34283c5888d000149402f","SES-13","5","12","5","5","7719","13:15:01"
"RetrieveAndCompare","2435909653","5bb34283c5888d000149402f","SES-13","5","11","2","2","4791","13:14:54"
"RetrieveAndCompare","2435909653","5bb34283c5888d000149402f","SES-13","5","10","3","3","15573","13:14:49"
"RetrieveAndCompare","8774610124","58d6677fac73bd0001341444","CRT-7","1","3","2","2","24621","13:14:44"
"RetrieveAndCompare","2435909653","5bb34283c5888d000149402f","SES-13","5","9","2","2","11494","13:14:33"
"RetrieveAndCompare","2435909653","5bb34283c5888d000149402f","SES-13","5","8","5","5","6750","13:14:22"
"RetrieveAndCompare","7964902154","55f192c4477925000add2a2b","SES-13","5","13","5","5","8772","13:14:21"
"RetrieveAndCompare","8774610124","58d6677fac73bd0001341444","CRT-7","1","2","1","1","17795","13:14:19"
"RetrieveAndCompare","2435909653","5bb34283c5888d000149402f","SES-13","5","7","6","6","19191","13:14:15"
"RetrieveAndCompare","7964902154","55f192c4477925000add2a2b","SES-13","5","12","6","6","3382","13:14:12"
"RetrieveAndCompare","7964902154","55f192c4477925000add2a2b","SES-13","5","11","6","6","2431","13:14:09"
"RetrieveAndCompare","7964902154","55f192c4477925000add2a2b","SES-13","5","10","6","6","2633","13:14:06"
"RetrieveAndCompare","7964902154","55f192c4477925000add2a2b","SES-13","5","9","2","2","3694","13:14:03"
"RetrieveAndCompare","8774610124","58d6677fac73bd0001341444","CRT-7","1","1","1","1","19628","13:14:02"
"RetrieveAndCompare","7964902154","55f192c4477925000add2a2b","SES-13","5","8","4","4","2562","13:14:00"
"RetrieveAndCompare","7964902154","55f192c4477925000add2a2b","SES-13","5","7","7","7","3637","13:13:57"
"RetrieveAndCompare","2435909653","5bb34283c5888d000149402f","SES-13","5","6","2","2","9622","13:13:56"
"RetrieveAndCompare","7964902154","55f192c4477925000add2a2b","SES-13","5","6","5","5","5769","13:13:54"
"RetrieveAndCompare","7964902154","55f192c4477925000add2a2b","SES-13","5","5","1","1","2642","13:13:48"
"RetrieveAndCompare","2435909653","5bb34283c5888d000149402f","SES-13","5","5","1","1","6373","13:13:46"
"RetrieveAndCompare","7964902154","55f192c4477925000add2a2b","SES-13","5","4","1","1","2470","13:13:45"
"RetrieveAndCompare","7964902154","55f192c4477925000add2a2b","SES-13","5","3","1","1","2959","13:13:43"
"RetrieveAndCompare","2435909653","5bb34283c5888d000149402f","SES-13","5","4","3","3","6838","13:13:40"
"RetrieveAndCompare","7964902154","55f192c4477925000add2a2b","SES-13","5","2","1","1","3523","13:13:40"
"RetrieveAndCompare","7964902154","55f192c4477925000add2a2b","SES-13","5","1","2","2","3749","13:13:36"
"RetrieveAndCompare","2435909653","5bb34283c5888d000149402f","SES-13","5","3","2","2","9240","13:13:33"
"RetrieveAndCompare","7964902154","55f192c4477925000add2a2b","SES-13_instruction","5","1","1","1","6277","13:13:32"
"RetrieveAndCompare","7964902154","55f192c4477925000add2a2b","CRT-7","1","7","2","2","146480","13:13:26"
"RetrieveAndCompare","2435909653","5bb34283c5888d000149402f","SES-13","5","2","4","4","15988","13:13:24"
"RetrieveAndCompare","8021198311","5cba2b1e0288d8001853c539","SES-13","5","13","6","6","31544","13:13:12"
"RetrieveAndCompare","7883941204","5c1522f64c29140001cdad7e","CRT-7","1","1","2","2","216019","13:13:08"
"RetrieveAndCompare","2435909653","5bb34283c5888d000149402f","SES-13","5","1","3","3","10942","13:13:08"
"RetrieveAndCompare","2435909653","5bb34283c5888d000149402f","SES-13_instruction","5","1","1","1","8986","13:12:57"
"RetrieveAndCompare","2435909653","5bb34283c5888d000149402f","CRT-7","1","7","2","2","40395","13:12:48"
"RetrieveAndCompare","1114443680","5c73abef43afac0001428e81","SES-13","5","13","6","6","25084","13:12:41"
"RetrieveAndCompare","8021198311","5cba2b1e0288d8001853c539","SES-13","5","12","2","2","7101","13:12:41"
"RetrieveAndCompare","8021198311","5cba2b1e0288d8001853c539","SES-13","5","11","2","2","5468","13:12:33"
"RetrieveAndCompare","8021198311","5cba2b1e0288d8001853c539","SES-13","5","10","6","6","5141","13:12:28"
"RetrieveAndCompare","8021198311","5cba2b1e0288d8001853c539","SES-13","5","9","2","2","9846","13:12:23"
"RetrieveAndCompare","8021198311","5cba2b1e0288d8001853c539","SES-13","5","8","3","3","16337","13:12:13"
"RetrieveAndCompare","1114443680","5c73abef43afac0001428e81","SES-13","5","12","3","3","6000","13:12:13"
"RetrieveAndCompare","2435909653","5bb34283c5888d000149402f","CRT-7","1","6","2","2","55139","13:12:08"
"RetrieveAndCompare","1114443680","5c73abef43afac0001428e81","SES-13","5","11","4","4","6080","13:12:07"
"RetrieveAndCompare","1114443680","5c73abef43afac0001428e81","SES-13","5","10","6","6","6076","13:12:01"
"RetrieveAndCompare","8021198311","5cba2b1e0288d8001853c539","SES-13","5","7","2","2","8007","13:11:57"
"RetrieveAndCompare","1114443680","5c73abef43afac0001428e81","SES-13","5","9","5","5","15952","13:11:55"
"RetrieveAndCompare","2462291623","5b62e3db5b8b040001dcee88","SES-13","5","13","5","5","14507","13:11:55"
"RetrieveAndCompare","8021198311","5cba2b1e0288d8001853c539","SES-13","5","6","2","2","10829","13:11:49"
"RetrieveAndCompare","2462291623","5b62e3db5b8b040001dcee88","SES-13","5","12","4","4","5750","13:11:40"
"RetrieveAndCompare","1114443680","5c73abef43afac0001428e81","SES-13","5","8","9","9","5904","13:11:39"
"RetrieveAndCompare","8021198311","5cba2b1e0288d8001853c539","SES-13","5","5","2","2","15841","13:11:38"
"RetrieveAndCompare","2462291623","5b62e3db5b8b040001dcee88","SES-13","5","11","7","7","3853","13:11:34"
"RetrieveAndCompare","1114443680","5c73abef43afac0001428e81","SES-13","5","7","7","7","11286","13:11:33"
"RetrieveAndCompare","2462291623","5b62e3db5b8b040001dcee88","SES-13","5","10","8","8","6742","13:11:31"
"RetrieveAndCompare","2462291623","5b62e3db5b8b040001dcee88","SES-13","5","9","1","1","4307","13:11:23"
"RetrieveAndCompare","8021198311","5cba2b1e0288d8001853c539","SES-13","5","4","3","3","7104","13:11:22"
"RetrieveAndCompare","1114443680","5c73abef43afac0001428e81","SES-13","5","6","1","1","7788","13:11:22"
"RetrieveAndCompare","2462291623","5b62e3db5b8b040001dcee88","SES-13","5","8","3","3","6084","13:11:19"
"RetrieveAndCompare","8021198311","5cba2b1e0288d8001853c539","SES-13","5","3","2","2","10201","13:11:15"
"RetrieveAndCompare","1114443680","5c73abef43afac0001428e81","SES-13","5","5","1","1","4908","13:11:14"
"RetrieveAndCompare","2462291623","5b62e3db5b8b040001dcee88","SES-13","5","7","7","7","6666","13:11:13"
"RetrieveAndCompare","2435909653","5bb34283c5888d000149402f","CRT-7","1","5","2","2","13966","13:11:12"
"RetrieveAndCompare","1114443680","5c73abef43afac0001428e81","SES-13","5","4","1","1","7813","13:11:09"
"RetrieveAndCompare","2462291623","5b62e3db5b8b040001dcee88","SES-13","5","6","5","5","6893","13:11:06"
"RetrieveAndCompare","8021198311","5cba2b1e0288d8001853c539","SES-13","5","2","4","4","14356","13:11:05"
"RetrieveAndCompare","1114443680","5c73abef43afac0001428e81","SES-13","5","3","1","1","6762","13:11:01"
"RetrieveAndCompare","7964902154","55f192c4477925000add2a2b","CRT-7","1","6","2","2","44453","13:11:00"
"RetrieveAndCompare","2462291623","5b62e3db5b8b040001dcee88","SES-13","5","5","1","1","4303","13:11:00"
"RetrieveAndCompare","2435909653","5bb34283c5888d000149402f","CRT-7","1","4","1","1","132607","13:10:58"
"RetrieveAndCompare","1114443680","5c73abef43afac0001428e81","SES-13","5","2","1","1","8209","13:10:55"
"RetrieveAndCompare","2462291623","5b62e3db5b8b040001dcee88","SES-13","5","4","3","3","7725","13:10:55"
"RetrieveAndCompare","8021198311","5cba2b1e0288d8001853c539","SES-13","5","1","5","5","10264","13:10:51"
"RetrieveAndCompare","2462291623","5b62e3db5b8b040001dcee88","SES-13","5","3","5","5","4865","13:10:48"
"RetrieveAndCompare","1114443680","5c73abef43afac0001428e81","SES-13","5","1","1","1","7911","13:10:46"
"RetrieveAndCompare","2462291623","5b62e3db5b8b040001dcee88","SES-13","5","2","2","2","6903","13:10:43"
"RetrieveAndCompare","8021198311","5cba2b1e0288d8001853c539","SES-13_instruction","5","1","1","1","5550","13:10:40"
"RetrieveAndCompare","1114443680","5c73abef43afac0001428e81","SES-13_instruction","5","1","1","1","13609","13:10:39"
"RetrieveAndCompare","2462291623","5b62e3db5b8b040001dcee88","SES-13","5","1","6","6","6362","13:10:36"
"RetrieveAndCompare","8021198311","5cba2b1e0288d8001853c539","CRT-7","1","7","2","2","81798","13:10:35"
"RetrieveAndCompare","2462291623","5b62e3db5b8b040001dcee88","SES-13_instruction","5","1","1","1","27770","13:10:30"
"RetrieveAndCompare","1114443680","5c73abef43afac0001428e81","CRT-7","1","7","2","2","22824","13:10:25"
"RetrieveAndCompare","7964902154","55f192c4477925000add2a2b","CRT-7","1","5","2","2","28876","13:10:15"
"RetrieveAndCompare","2462291623","5b62e3db5b8b040001dcee88","CRT-7","1","7","0","0","53877","13:10:02"
"RetrieveAndCompare","1114443680","5c73abef43afac0001428e81","CRT-7","1","6","2","2","53228","13:10:02"
"RetrieveAndCompare","7964902154","55f192c4477925000add2a2b","CRT-7","1","4","2","2","83912","13:09:46"
"RetrieveAndCompare","8021198311","5cba2b1e0288d8001853c539","CRT-7","1","6","1","1","101476","13:09:13"
"RetrieveAndCompare","1114443680","5c73abef43afac0001428e81","CRT-7","1","5","2","2","26072","13:09:09"
"RetrieveAndCompare","2462291623","5b62e3db5b8b040001dcee88","CRT-7","1","6","0","0","35505","13:09:08"
"RetrieveAndCompare","2435909653","5bb34283c5888d000149402f","CRT-7","1","3","2","2","12242","13:08:46"
"RetrieveAndCompare","1114443680","5c73abef43afac0001428e81","CRT-7","1","4","1","1","27199","13:08:43"
"RetrieveAndCompare","2435909653","5bb34283c5888d000149402f","CRT-7","1","2","2","2","8673","13:08:34"
"RetrieveAndCompare","2462291623","5b62e3db5b8b040001dcee88","CRT-7","1","5","1","1","21144","13:08:32"
"RetrieveAndCompare","2435909653","5bb34283c5888d000149402f","CRT-7","1","1","2","2","11166","13:08:25"
"RetrieveAndCompare","7964902154","55f192c4477925000add2a2b","CRT-7","1","3","2","2","64498","13:08:23"
"RetrieveAndCompare","1114443680","5c73abef43afac0001428e81","CRT-7","1","3","1","1","25637","13:08:16"
"RetrieveAndCompare","8195225458","5ccdfde4f130e70017dd90fe","SES-13","5","13","8","8","5011","13:08:14"
"RetrieveAndCompare","2462291623","5b62e3db5b8b040001dcee88","CRT-7","1","4","0","0","41398","13:08:11"
"RetrieveAndCompare","8195225458","5ccdfde4f130e70017dd90fe","SES-13","5","12","7","7","2217","13:08:09"
"RetrieveAndCompare","8195225458","5ccdfde4f130e70017dd90fe","SES-13","5","11","2","2","4744","13:08:07"
"RetrieveAndCompare","8195225458","5ccdfde4f130e70017dd90fe","SES-13","5","10","7","7","4442","13:08:03"
"RetrieveAndCompare","8195225458","5ccdfde4f130e70017dd90fe","SES-13","5","9","4","4","1416","13:07:58"
"RetrieveAndCompare","8195225458","5ccdfde4f130e70017dd90fe","SES-13","5","8","4","4","1281","13:07:57"
"RetrieveAndCompare","8195225458","5ccdfde4f130e70017dd90fe","SES-13","5","7","3","3","1654","13:07:55"
"RetrieveAndCompare","8195225458","5ccdfde4f130e70017dd90fe","SES-13","5","6","1","1","2399","13:07:54"
"RetrieveAndCompare","8195225458","5ccdfde4f130e70017dd90fe","SES-13","5","5","1","1","3446","13:07:51"
"RetrieveAndCompare","1114443680","5c73abef43afac0001428e81","CRT-7","1","2","1","1","30369","13:07:50"
"RetrieveAndCompare","8195225458","5ccdfde4f130e70017dd90fe","SES-13","5","4","1","1","3173","13:07:48"
"RetrieveAndCompare","8195225458","5ccdfde4f130e70017dd90fe","SES-13","5","3","2","2","3882","13:07:45"
"RetrieveAndCompare","8195225458","5ccdfde4f130e70017dd90fe","SES-13","5","2","7","7","3491","13:07:41"
"RetrieveAndCompare","8195225458","5ccdfde4f130e70017dd90fe","SES-13","5","1","6","6","4915","13:07:37"
"RetrieveAndCompare","8195225458","5ccdfde4f130e70017dd90fe","SES-13_instruction","5","1","1","1","7521","13:07:32"
"RetrieveAndCompare","8021198311","5cba2b1e0288d8001853c539","CRT-7","1","5","2","2","7964","13:07:31"
"RetrieveAndCompare","2462291623","5b62e3db5b8b040001dcee88","CRT-7","1","3","2","2","94620","13:07:30"
"RetrieveAndCompare","8195225458","5ccdfde4f130e70017dd90fe","CRT-7","1","7","1","1","17642","13:07:25"
"RetrieveAndCompare","8021198311","5cba2b1e0288d8001853c539","CRT-7","1","4","2","2","41603","13:07:24"
"RetrieveAndCompare","1114443680","5c73abef43afac0001428e81","CRT-7","1","1","1","1","89732","13:07:20"
"RetrieveAndCompare","7964902154","55f192c4477925000add2a2b","CRT-7","1","2","2","2","67764","13:07:18"
"RetrieveAndCompare","8195225458","5ccdfde4f130e70017dd90fe","CRT-7","1","6","0","0","53963","13:07:07"
"RetrieveAndCompare","8021198311","5cba2b1e0288d8001853c539","CRT-7","1","3","2","2","55025","13:06:42"
"RetrieveAndCompare","8195225458","5ccdfde4f130e70017dd90fe","CRT-7","1","5","0","0","13796","13:06:13"
"RetrieveAndCompare","7964902154","55f192c4477925000add2a2b","CRT-7","1","1","2","2","105011","13:06:10"
"RetrieveAndCompare","8195225458","5ccdfde4f130e70017dd90fe","CRT-7","1","4","2","2","40872","13:06:00"
"RetrieveAndCompare","2462291623","5b62e3db5b8b040001dcee88","CRT-7","1","2","2","2","38145","13:05:55"
"RetrieveAndCompare","8021198311","5cba2b1e0288d8001853c539","CRT-7","1","2","2","2","80013","13:05:47"
"RetrieveAndCompare","8195225458","5ccdfde4f130e70017dd90fe","CRT-7","1","3","1","1","23993","13:05:19"
"RetrieveAndCompare","2462291623","5b62e3db5b8b040001dcee88","CRT-7","1","1","1","1","14351","13:05:17"
"RetrieveAndCompare","8195225458","5ccdfde4f130e70017dd90fe","CRT-7","1","2","1","1","32210","13:04:55"
"RetrieveAndCompare","8021198311","5cba2b1e0288d8001853c539","CRT-7","1","1","2","2","134311","13:04:27"
"RetrieveAndCompare","8195225458","5ccdfde4f130e70017dd90fe","CRT-7","1","1","1","1","71423","13:04:22"
"RetrieveAndCompare","4408453926","5c9a7515513a8e0015acaea5","SES-13","5","13","6","6","3437","13:02:24"
"RetrieveAndCompare","4408453926","5c9a7515513a8e0015acaea5","SES-13","5","12","5","5","3941","13:02:21"
"RetrieveAndCompare","4408453926","5c9a7515513a8e0015acaea5","SES-13","5","11","3","3","4997","13:02:17"
"RetrieveAndCompare","4408453926","5c9a7515513a8e0015acaea5","SES-13","5","10","7","7","3917","13:02:12"
"RetrieveAndCompare","4408453926","5c9a7515513a8e0015acaea5","SES-13","5","9","5","5","6285","13:02:08"
"RetrieveAndCompare","4408453926","5c9a7515513a8e0015acaea5","SES-13","5","8","6","6","5933","13:02:01"
"RetrieveAndCompare","4107032396","5d4573a4b2da940017184d16","SES-13","5","13","6","6","7622","13:02:01"
"RetrieveAndCompare","4408453926","5c9a7515513a8e0015acaea5","SES-13","5","7","5","5","3917","13:01:55"
"RetrieveAndCompare","4107032396","5d4573a4b2da940017184d16","SES-13","5","12","4","4","4598","13:01:54"
"RetrieveAndCompare","4408453926","5c9a7515513a8e0015acaea5","SES-13","5","6","5","5","7714","13:01:52"
"RetrieveAndCompare","4107032396","5d4573a4b2da940017184d16","SES-13","5","11","5","5","2846","13:01:49"
"RetrieveAndCompare","4107032396","5d4573a4b2da940017184d16","SES-13","5","10","6","6","2438","13:01:46"
"RetrieveAndCompare","4408453926","5c9a7515513a8e0015acaea5","SES-13","5","5","1","1","6637","13:01:44"
"RetrieveAndCompare","4107032396","5d4573a4b2da940017184d16","SES-13","5","9","7","7","2764","13:01:44"
"RetrieveAndCompare","4107032396","5d4573a4b2da940017184d16","SES-13","5","8","8","8","2559","13:01:41"
"RetrieveAndCompare","4107032396","5d4573a4b2da940017184d16","SES-13","5","7","8","8","4174","13:01:38"
"RetrieveAndCompare","4408453926","5c9a7515513a8e0015acaea5","SES-13","5","4","1","1","6652","13:01:37"
"RetrieveAndCompare","4107032396","5d4573a4b2da940017184d16","SES-13","5","6","3","3","5374","13:01:34"
"RetrieveAndCompare","4408453926","5c9a7515513a8e0015acaea5","SES-13","5","3","6","6","9056","13:01:31"
"RetrieveAndCompare","4107032396","5d4573a4b2da940017184d16","SES-13","5","5","1","1","3940","13:01:29"
"RetrieveAndCompare","4107032396","5d4573a4b2da940017184d16","SES-13","5","4","3","3","4616","13:01:25"
"RetrieveAndCompare","4408453926","5c9a7515513a8e0015acaea5","SES-13","5","2","4","4","9469","13:01:21"
"RetrieveAndCompare","4107032396","5d4573a4b2da940017184d16","SES-13","5","3","5","5","3662","13:01:20"
"RetrieveAndCompare","4107032396","5d4573a4b2da940017184d16","SES-13","5","2","7","7","4559","13:01:17"
"RetrieveAndCompare","4408453926","5c9a7515513a8e0015acaea5","SES-13","5","1","9","9","5732","13:01:12"
"RetrieveAndCompare","4107032396","5d4573a4b2da940017184d16","SES-13","5","1","4","4","5758","13:01:12"
"RetrieveAndCompare","4408453926","5c9a7515513a8e0015acaea5","SES-13_instruction","5","1","1","1","3405","13:01:06"
"RetrieveAndCompare","4107032396","5d4573a4b2da940017184d16","SES-13_instruction","5","1","1","1","5484","13:01:06"
"RetrieveAndCompare","4408453926","5c9a7515513a8e0015acaea5","CRT-7","1","7","1","1","3117","13:01:03"
"RetrieveAndCompare","4107032396","5d4573a4b2da940017184d16","CRT-7","1","7","2","2","33894","13:01:01"
"RetrieveAndCompare","4408453926","5c9a7515513a8e0015acaea5","CRT-7","1","6","1","1","14836","13:01:00"
"RetrieveAndCompare","4408453926","5c9a7515513a8e0015acaea5","CRT-7","1","5","0","0","7469","13:00:45"
"RetrieveAndCompare","4408453926","5c9a7515513a8e0015acaea5","CRT-7","1","4","0","0","23677","13:00:37"
"RetrieveAndCompare","4107032396","5d4573a4b2da940017184d16","CRT-7","1","6","2","2","38695","13:00:27"
"RetrieveAndCompare","4408453926","5c9a7515513a8e0015acaea5","CRT-7","1","3","1","1","11092","13:00:14"
"RetrieveAndCompare","4408453926","5c9a7515513a8e0015acaea5","CRT-7","1","2","2","2","14225","13:00:03"
"RetrieveAndCompare","4107032396","5d4573a4b2da940017184d16","CRT-7","1","5","2","2","13982","12:59:48"
"RetrieveAndCompare","4408453926","5c9a7515513a8e0015acaea5","CRT-7","1","1","0","0","11313","12:59:48"
"RetrieveAndCompare","4107032396","5d4573a4b2da940017184d16","CRT-7","1","4","2","2","33078","12:59:34"
"RetrieveAndCompare","4107032396","5d4573a4b2da940017184d16","CRT-7","1","3","2","2","45021","12:59:01"
"RetrieveAndCompare","4107032396","5d4573a4b2da940017184d16","CRT-7","1","2","1","1","31155","12:58:16"
"RetrieveAndCompare","4107032396","5d4573a4b2da940017184d16","CRT-7","1","1","2","2","81600","12:57:45"
"RetrieveAndCompare","4682884961","59d9395703203500011acfcd","SES-13","5","13","5","5","18702","12:55:03"
"RetrieveAndCompare","4682884961","59d9395703203500011acfcd","SES-13","5","12","5","5","12174","12:54:45"
"RetrieveAndCompare","4682884961","59d9395703203500011acfcd","SES-13","5","11","8","8","5943","12:54:33"
"RetrieveAndCompare","4682884961","59d9395703203500011acfcd","SES-13","5","10","7","7","6096","12:54:27"
"RetrieveAndCompare","4682884961","59d9395703203500011acfcd","SES-13","5","9","1","1","6363","12:54:20"
"RetrieveAndCompare","4682884961","59d9395703203500011acfcd","SES-13","5","8","2","2","8225","12:54:14"
"RetrieveAndCompare","4682884961","59d9395703203500011acfcd","SES-13","5","7","1","1","7287","12:54:06"
"RetrieveAndCompare","4682884961","59d9395703203500011acfcd","SES-13","5","6","9","9","10104","12:53:59"
"RetrieveAndCompare","4682884961","59d9395703203500011acfcd","SES-13","5","5","1","1","7851","12:53:48"
"RetrieveAndCompare","4682884961","59d9395703203500011acfcd","SES-13","5","4","8","8","7894","12:53:41"
"RetrieveAndCompare","4682884961","59d9395703203500011acfcd","SES-13","5","3","9","9","7694","12:53:33"
"RetrieveAndCompare","4682884961","59d9395703203500011acfcd","SES-13","5","2","9","9","8268","12:53:25"
"RetrieveAndCompare","4682884961","59d9395703203500011acfcd","SES-13","5","1","9","9","7591","12:53:17"
"RetrieveAndCompare","4682884961","59d9395703203500011acfcd","SES-13_instruction","5","1","1","1","10223","12:53:09"
"RetrieveAndCompare","4682884961","59d9395703203500011acfcd","CRT-7","1","7","2","2","44489","12:52:59"
"RetrieveAndCompare","6050993893","5ce49f37dd4e16001771cd1f","SES-13","5","13","3","3","6743","12:52:51"
"RetrieveAndCompare","6050993893","5ce49f37dd4e16001771cd1f","SES-13","5","12","1","1","4281","12:52:44"
"RetrieveAndCompare","6050993893","5ce49f37dd4e16001771cd1f","SES-13","5","11","4","4","4687","12:52:40"
"RetrieveAndCompare","6050993893","5ce49f37dd4e16001771cd1f","SES-13","5","10","1","1","2845","12:52:35"
"RetrieveAndCompare","6050993893","5ce49f37dd4e16001771cd1f","SES-13","5","9","3","3","4418","12:52:32"
"RetrieveAndCompare","6050993893","5ce49f37dd4e16001771cd1f","SES-13","5","8","2","2","3984","12:52:28"
"RetrieveAndCompare","6050993893","5ce49f37dd4e16001771cd1f","SES-13","5","7","4","4","5472","12:52:24"
"RetrieveAndCompare","6050993893","5ce49f37dd4e16001771cd1f","SES-13","5","6","1","1","3798","12:52:19"
"RetrieveAndCompare","6050993893","5ce49f37dd4e16001771cd1f","SES-13","5","5","1","1","3534","12:52:15"
"RetrieveAndCompare","4682884961","59d9395703203500011acfcd","CRT-7","1","6","2","2","61059","12:52:14"
"RetrieveAndCompare","6050993893","5ce49f37dd4e16001771cd1f","SES-13","5","4","5","5","3401","12:52:11"
"RetrieveAndCompare","6132750687","5d46b29bde2d3a0018707a9f","SES-13","5","13","3","3","24287","12:52:10"
"RetrieveAndCompare","6050993893","5ce49f37dd4e16001771cd1f","SES-13","5","3","4","4","4469","12:52:08"
"RetrieveAndCompare","6050993893","5ce49f37dd4e16001771cd1f","SES-13","5","2","6","6","4535","12:52:03"
"RetrieveAndCompare","6050993893","5ce49f37dd4e16001771cd1f","SES-13","5","1","2","2","4901","12:51:59"
"RetrieveAndCompare","6050993893","5ce49f37dd4e16001771cd1f","SES-13_instruction","5","1","1","1","4616","12:51:54"
"RetrieveAndCompare","6050993893","5ce49f37dd4e16001771cd1f","CRT-7","1","7","2","2","17739","12:51:49"
"RetrieveAndCompare","6132750687","5d46b29bde2d3a0018707a9f","SES-13","5","12","4","4","6767","12:51:46"
"RetrieveAndCompare","6132750687","5d46b29bde2d3a0018707a9f","SES-13","5","11","7","7","9103","12:51:39"
"RetrieveAndCompare","6050993893","5ce49f37dd4e16001771cd1f","CRT-7","1","6","1","1","36681","12:51:32"
"RetrieveAndCompare","6132750687","5d46b29bde2d3a0018707a9f","SES-13","5","10","6","6","14227","12:51:30"
"RetrieveAndCompare","6132750687","5d46b29bde2d3a0018707a9f","SES-13","5","9","5","5","13455","12:51:16"
"RetrieveAndCompare","4682884961","59d9395703203500011acfcd","CRT-7","1","5","2","2","27555","12:51:13"
"RetrieveAndCompare","6132750687","5d46b29bde2d3a0018707a9f","SES-13","5","8","6","6","6337","12:51:02"
"RetrieveAndCompare","6132750687","5d46b29bde2d3a0018707a9f","SES-13","5","7","7","7","29166","12:50:56"
"RetrieveAndCompare","5745753940","5a0f10b2728b1b0001ad9bb4","SES-13","5","13","4","4","18095","12:50:56"
"RetrieveAndCompare","6050993893","5ce49f37dd4e16001771cd1f","CRT-7","1","5","2","2","5954","12:50:55"
"RetrieveAndCompare","6050993893","5ce49f37dd4e16001771cd1f","CRT-7","1","4","2","2","13973","12:50:49"
"RetrieveAndCompare","4682884961","59d9395703203500011acfcd","CRT-7","1","4","2","2","52896","12:50:46"
"RetrieveAndCompare","5745753940","5a0f10b2728b1b0001ad9bb4","SES-13","5","12","3","3","9330","12:50:37"
"RetrieveAndCompare","6050993893","5ce49f37dd4e16001771cd1f","CRT-7","1","3","2","2","9334","12:50:35"
"RetrieveAndCompare","5745753940","5a0f10b2728b1b0001ad9bb4","SES-13","5","11","3","3","5887","12:50:28"
"RetrieveAndCompare","6132750687","5d46b29bde2d3a0018707a9f","SES-13","5","6","2","2","27080","12:50:27"
"RetrieveAndCompare","6050993893","5ce49f37dd4e16001771cd1f","CRT-7","1","2","2","2","11951","12:50:26"
"RetrieveAndCompare","5745753940","5a0f10b2728b1b0001ad9bb4","SES-13","5","10","3","3","8478","12:50:22"
"RetrieveAndCompare","6050993893","5ce49f37dd4e16001771cd1f","CRT-7","1","1","1","1","7659","12:50:14"
"RetrieveAndCompare","5745753940","5a0f10b2728b1b0001ad9bb4","SES-13","5","9","7","7","8823","12:50:14"
"RetrieveAndCompare","5745753940","5a0f10b2728b1b0001ad9bb4","SES-13","5","8","7","7","8289","12:50:05"
"RetrieveAndCompare","6132750687","5d46b29bde2d3a0018707a9f","SES-13","5","5","1","1","5639","12:50:00"
"RetrieveAndCompare","5745753940","5a0f10b2728b1b0001ad9bb4","SES-13","5","7","6","6","13939","12:49:57"
"RetrieveAndCompare","6132750687","5d46b29bde2d3a0018707a9f","SES-13","5","4","8","8","15424","12:49:54"
"RetrieveAndCompare","4682884961","59d9395703203500011acfcd","CRT-7","1","3","2","2","14767","12:49:53"
"RetrieveAndCompare","5745753940","5a0f10b2728b1b0001ad9bb4","SES-13","5","6","3","3","12949","12:49:43"
"RetrieveAndCompare","6132750687","5d46b29bde2d3a0018707a9f","SES-13","5","3","6","6","18862","12:49:39"
"RetrieveAndCompare","4682884961","59d9395703203500011acfcd","CRT-7","1","2","2","2","10809","12:49:38"
"RetrieveAndCompare","5745753940","5a0f10b2728b1b0001ad9bb4","SES-13","5","5","2","2","12082","12:49:30"
"RetrieveAndCompare","4682884961","59d9395703203500011acfcd","CRT-7","1","1","2","2","30924","12:49:27"
"RetrieveAndCompare","6132750687","5d46b29bde2d3a0018707a9f","SES-13","5","2","7","7","8576","12:49:20"
"RetrieveAndCompare","5745753940","5a0f10b2728b1b0001ad9bb4","SES-13","5","4","6","6","12584","12:49:18"
"RetrieveAndCompare","6132750687","5d46b29bde2d3a0018707a9f","SES-13","5","1","1","1","14164","12:49:11"
"RetrieveAndCompare","5745753940","5a0f10b2728b1b0001ad9bb4","SES-13","5","3","2","2","10357","12:49:05"
"RetrieveAndCompare","6132750687","5d46b29bde2d3a0018707a9f","SES-13_instruction","5","1","1","1","4345","12:48:57"
"RetrieveAndCompare","5745753940","5a0f10b2728b1b0001ad9bb4","SES-13","5","2","3","3","13523","12:48:55"
"RetrieveAndCompare","6132750687","5d46b29bde2d3a0018707a9f","CRT-7","1","7","2","2","25069","12:48:53"
"RetrieveAndCompare","5745753940","5a0f10b2728b1b0001ad9bb4","SES-13","5","1","5","5","9137","12:48:41"
"RetrieveAndCompare","5745753940","5a0f10b2728b1b0001ad9bb4","SES-13_instruction","5","1","1","1","10417","12:48:32"
"RetrieveAndCompare","6132750687","5d46b29bde2d3a0018707a9f","CRT-7","1","6","2","2","71642","12:48:28"
"RetrieveAndCompare","5745753940","5a0f10b2728b1b0001ad9bb4","CRT-7","1","7","1","1","39819","12:48:21"
"RetrieveAndCompare","5745753940","5a0f10b2728b1b0001ad9bb4","CRT-7","1","6","0","0","11076","12:47:42"
"RetrieveAndCompare","5745753940","5a0f10b2728b1b0001ad9bb4","CRT-7","1","5","1","1","7982","12:47:31"
"RetrieveAndCompare","5745753940","5a0f10b2728b1b0001ad9bb4","CRT-7","1","4","1","1","33980","12:47:23"
"RetrieveAndCompare","6132750687","5d46b29bde2d3a0018707a9f","CRT-7","1","5","2","2","10870","12:47:16"
"RetrieveAndCompare","6132750687","5d46b29bde2d3a0018707a9f","CRT-7","1","4","2","2","15531","12:47:05"
"RetrieveAndCompare","6132750687","5d46b29bde2d3a0018707a9f","CRT-7","1","3","2","2","16152","12:46:50"
"RetrieveAndCompare","5745753940","5a0f10b2728b1b0001ad9bb4","CRT-7","1","3","1","1","11940","12:46:49"
"RetrieveAndCompare","5745753940","5a0f10b2728b1b0001ad9bb4","CRT-7","1","2","1","1","11383","12:46:37"
"RetrieveAndCompare","5921085156","584d44c60bdf1c00010e7940","SES-13","5","13","2","2","8397","12:46:34"
"RetrieveAndCompare","6132750687","5d46b29bde2d3a0018707a9f","CRT-7","1","2","2","2","9635","12:46:34"
"RetrieveAndCompare","5921085156","584d44c60bdf1c00010e7940","SES-13","5","12","1","1","7126","12:46:26"
"RetrieveAndCompare","5745753940","5a0f10b2728b1b0001ad9bb4","CRT-7","1","1","1","1","18933","12:46:25"
"RetrieveAndCompare","6132750687","5d46b29bde2d3a0018707a9f","CRT-7","1","1","2","2","9323","12:46:24"
"RetrieveAndCompare","5921085156","584d44c60bdf1c00010e7940","SES-13","5","11","2","2","5269","12:46:18"
"RetrieveAndCompare","5921085156","584d44c60bdf1c00010e7940","SES-13","5","10","6","6","8265","12:46:13"
"RetrieveAndCompare","5921085156","584d44c60bdf1c00010e7940","SES-13","5","9","5","5","8716","12:46:05"
"RetrieveAndCompare","5921085156","584d44c60bdf1c00010e7940","SES-13","5","8","2","2","8873","12:45:56"
"RetrieveAndCompare","5921085156","584d44c60bdf1c00010e7940","SES-13","5","7","1","1","11463","12:45:47"
"RetrieveAndCompare","5921085156","584d44c60bdf1c00010e7940","SES-13","5","6","9","9","8915","12:45:36"
"RetrieveAndCompare","5921085156","584d44c60bdf1c00010e7940","SES-13","5","5","1","1","6899","12:45:27"
"RetrieveAndCompare","5921085156","584d44c60bdf1c00010e7940","SES-13","5","4","4","4","12958","12:45:20"
"RetrieveAndCompare","5921085156","584d44c60bdf1c00010e7940","SES-13","5","3","9","9","6951","12:45:07"
"RetrieveAndCompare","5921085156","584d44c60bdf1c00010e7940","SES-13","5","2","9","9","9515","12:45:00"
"RetrieveAndCompare","5921085156","584d44c60bdf1c00010e7940","SES-13","5","1","2","2","11178","12:44:51"
"RetrieveAndCompare","5921085156","584d44c60bdf1c00010e7940","SES-13_instruction","5","1","1","1","11399","12:44:39"
"RetrieveAndCompare","5921085156","584d44c60bdf1c00010e7940","CRT-7","1","7","2","2","56775","12:44:28"
"RetrieveAndCompare","5921085156","584d44c60bdf1c00010e7940","CRT-7","1","6","0","0","19096","12:43:31"
"RetrieveAndCompare","5810332119","5d42b4f8cce2f500195f1807","SES-13","5","13","7","7","16696","12:43:22"
"RetrieveAndCompare","5921085156","584d44c60bdf1c00010e7940","CRT-7","1","5","0","0","36959","12:43:12"
"RetrieveAndCompare","5810332119","5d42b4f8cce2f500195f1807","SES-13","5","12","4","4","5001","12:43:06"
"RetrieveAndCompare","5810332119","5d42b4f8cce2f500195f1807","SES-13","5","11","4","4","5288","12:43:01"
"RetrieveAndCompare","5810332119","5d42b4f8cce2f500195f1807","SES-13","5","10","7","7","4385","12:42:55"
"RetrieveAndCompare","5810332119","5d42b4f8cce2f500195f1807","SES-13","5","9","7","7","4239","12:42:51"
"RetrieveAndCompare","5810332119","5d42b4f8cce2f500195f1807","SES-13","5","8","9","9","3942","12:42:47"
"RetrieveAndCompare","5810332119","5d42b4f8cce2f500195f1807","SES-13","5","7","9","9","4783","12:42:43"
"RetrieveAndCompare","5810332119","5d42b4f8cce2f500195f1807","SES-13","5","6","1","1","7005","12:42:38"
"RetrieveAndCompare","5921085156","584d44c60bdf1c00010e7940","CRT-7","1","4","1","1","18819","12:42:35"
"RetrieveAndCompare","5810332119","5d42b4f8cce2f500195f1807","SES-13","5","5","1","1","3647","12:42:31"
"RetrieveAndCompare","5810332119","5d42b4f8cce2f500195f1807","SES-13","5","4","1","1","4274","12:42:27"
"RetrieveAndCompare","5810332119","5d42b4f8cce2f500195f1807","SES-13","5","3","1","1","4695","12:42:23"
"RetrieveAndCompare","5810332119","5d42b4f8cce2f500195f1807","SES-13","5","2","4","4","4854","12:42:18"
"RetrieveAndCompare","5921085156","584d44c60bdf1c00010e7940","CRT-7","1","3","1","1","6464","12:42:16"
"RetrieveAndCompare","5810332119","5d42b4f8cce2f500195f1807","SES-13","5","1","2","2","6506","12:42:13"
"RetrieveAndCompare","9380399190","5be9f5997514d0000108eaab","SES-13","5","13","3","3","11756","12:42:13"
"RetrieveAndCompare","5921085156","584d44c60bdf1c00010e7940","CRT-7","1","2","1","1","3501","12:42:09"
"RetrieveAndCompare","5810332119","5d42b4f8cce2f500195f1807","SES-13_instruction","5","1","1","1","6899","12:42:07"
"RetrieveAndCompare","5921085156","584d44c60bdf1c00010e7940","CRT-7","1","1","1","1","12111","12:42:06"
"RetrieveAndCompare","9380399190","5be9f5997514d0000108eaab","SES-13","5","12","1","1","3315","12:42:02"
"RetrieveAndCompare","5810332119","5d42b4f8cce2f500195f1807","CRT-7","1","7","2","2","48937","12:42:00"
"RetrieveAndCompare","9380399190","5be9f5997514d0000108eaab","SES-13","5","11","3","3","3461","12:41:58"
"RetrieveAndCompare","9380399190","5be9f5997514d0000108eaab","SES-13","5","10","4","4","6063","12:41:55"
"RetrieveAndCompare","9380399190","5be9f5997514d0000108eaab","SES-13","5","9","1","1","4212","12:41:49"
"RetrieveAndCompare","9380399190","5be9f5997514d0000108eaab","SES-13","5","8","1","1","3720","12:41:45"
"RetrieveAndCompare","9380399190","5be9f5997514d0000108eaab","SES-13","5","7","4","4","7137","12:41:41"
"RetrieveAndCompare","9380399190","5be9f5997514d0000108eaab","SES-13","5","6","4","4","5255","12:41:34"
"RetrieveAndCompare","9380399190","5be9f5997514d0000108eaab","SES-13","5","5","1","1","3479","12:41:28"
"RetrieveAndCompare","9380399190","5be9f5997514d0000108eaab","SES-13","5","4","8","8","3998","12:41:25"
"RetrieveAndCompare","9380399190","5be9f5997514d0000108eaab","SES-13","5","3","4","4","3891","12:41:21"
"RetrieveAndCompare","9380399190","5be9f5997514d0000108eaab","SES-13","5","2","6","6","3434","12:41:17"
"RetrieveAndCompare","9380399190","5be9f5997514d0000108eaab","SES-13","5","1","8","8","5044","12:41:14"
"RetrieveAndCompare","5810332119","5d42b4f8cce2f500195f1807","CRT-7","1","6","2","2","31685","12:41:11"
"RetrieveAndCompare","9380399190","5be9f5997514d0000108eaab","SES-13_instruction","5","1","1","1","4701","12:41:09"
"RetrieveAndCompare","9380399190","5be9f5997514d0000108eaab","CRT-7","1","7","0","0","26188","12:41:04"
"RetrieveAndCompare","5810332119","5d42b4f8cce2f500195f1807","CRT-7","1","5","2","2","26360","12:40:39"
"RetrieveAndCompare","9380399190","5be9f5997514d0000108eaab","CRT-7","1","6","1","1","15654","12:40:38"
"RetrieveAndCompare","9380399190","5be9f5997514d0000108eaab","CRT-7","1","5","1","1","12109","12:40:22"
"RetrieveAndCompare","5810332119","5d42b4f8cce2f500195f1807","CRT-7","1","4","2","2","54362","12:40:13"
"RetrieveAndCompare","9380399190","5be9f5997514d0000108eaab","CRT-7","1","4","1","1","12895","12:40:10"
"RetrieveAndCompare","9380399190","5be9f5997514d0000108eaab","CRT-7","1","3","2","2","18166","12:39:57"
"RetrieveAndCompare","9380399190","5be9f5997514d0000108eaab","CRT-7","1","2","0","0","11170","12:39:39"
"RetrieveAndCompare","9380399190","5be9f5997514d0000108eaab","CRT-7","1","1","2","2","27467","12:39:28"
"RetrieveAndCompare","5810332119","5d42b4f8cce2f500195f1807","CRT-7","1","3","2","2","10980","12:39:19"
"RetrieveAndCompare","5810332119","5d42b4f8cce2f500195f1807","CRT-7","1","2","1","1","20758","12:39:08"
"RetrieveAndCompare","5810332119","5d42b4f8cce2f500195f1807","CRT-7","1","1","1","1","11295","12:38:47"
